time,temperature_2m (Â°C),relative_humidity_2m (%)
2025-01-01T00:00,14.6,91.0
2025-01-01T01:00,14.2,92.0
2025-01-01T02:00,13.5,95.0
2025-01-01T03:00,13.2,96.0
2025-01-01T04:00,13.0,96.0
2025-01-01T05:00,13.0,96.0
2025-01-01T06:00,13.0,96.0
2025-01-01T07:00,13.1,96.0
2025-01-01T08:00,14.5,92.0
2025-01-01T09:00,17.1,76.0
2025-01-01T10:00,19.6,64.0
2025-01-01T11:00,21.4,54.0
2025-01-01T12:00,22.8,48.0
2025-01-01T13:00,23.7,45.0
2025-01-01T14:00,24.5,43.0
2025-01-01T15:00,24.7,41.0
2025-01-01T16:00,24.3,42.0
2025-01-01T17:00,23.3,45.0
2025-01-01T18:00,21.6,52.0
2025-01-01T19:00,20.6,55.0
2025-01-01T20:00,20.0,61.0
2025-01-01T21:00,18.7,68.0
2025-01-01T22:00,17.5,72.0
2025-01-01T23:00,16.9,76.0
2025-01-02T00:00,16.4,78.0
2025-01-02T01:00,16.1,81.0
2025-01-02T02:00,15.5,84.0
2025-01-02T03:00,14.9,89.0
2025-01-02T04:00,14.4,92.0
2025-01-02T05:00,14.0,94.0
2025-01-02T06:00,13.5,95.0
2025-01-02T07:00,13.6,95.0
2025-01-02T08:00,15.7,84.0
2025-01-02T09:00,18.6,68.0
2025-01-02T10:00,20.8,56.0
2025-01-02T11:00,22.5,49.0
2025-01-02T12:00,23.7,44.0
2025-01-02T13:00,24.6,41.0
2025-01-02T14:00,25.2,39.0
2025-01-02T15:00,25.7,38.0
2025-01-02T16:00,25.1,39.0
2025-01-02T17:00,24.2,42.0
2025-01-02T18:00,22.2,52.0
2025-01-02T19:00,21.3,59.0
2025-01-02T20:00,20.5,57.0
2025-01-02T21:00,19.3,63.0
2025-01-02T22:00,18.2,70.0
2025-01-02T23:00,17.5,73.0
2025-01-03T00:00,16.8,79.0
2025-01-03T01:00,16.3,80.0
2025-01-03T02:00,15.7,83.0
2025-01-03T03:00,15.4,86.0
2025-01-03T04:00,15.1,87.0
2025-01-03T05:00,14.8,89.0
2025-01-03T06:00,14.5,90.0
2025-01-03T07:00,14.3,92.0
2025-01-03T08:00,16.7,81.0
2025-01-03T09:00,19.6,67.0
2025-01-03T10:00,22.1,52.0
2025-01-03T11:00,23.8,42.0
2025-01-03T12:00,24.8,39.0
2025-01-03T13:00,25.5,35.0
2025-01-03T14:00,25.8,33.0
2025-01-03T15:00,25.7,33.0
2025-01-03T16:00,25.3,34.0
2025-01-03T17:00,24.3,36.0
2025-01-03T18:00,22.6,41.0
2025-01-03T19:00,21.9,44.0
2025-01-03T20:00,21.8,45.0
2025-01-03T21:00,20.9,49.0
2025-01-03T22:00,18.6,60.0
2025-01-03T23:00,17.4,65.0
2025-01-04T00:00,16.8,68.0
2025-01-04T01:00,16.2,71.0
2025-01-04T02:00,15.8,73.0
2025-01-04T03:00,15.0,79.0
2025-01-04T04:00,14.7,81.0
2025-01-04T05:00,14.3,86.0
2025-01-04T06:00,14.1,89.0
2025-01-04T07:00,14.0,91.0
2025-01-04T08:00,16.4,79.0
2025-01-04T09:00,18.9,63.0
2025-01-04T10:00,20.9,48.0
2025-01-04T11:00,22.2,46.0
2025-01-04T12:00,23.3,43.0
2025-01-04T13:00,24.6,38.0
2025-01-04T14:00,24.4,40.0
2025-01-04T15:00,24.0,42.0
2025-01-04T16:00,23.3,46.0
2025-01-04T17:00,22.7,49.0
2025-01-04T18:00,21.6,55.0
2025-01-04T19:00,20.3,58.0
2025-01-04T20:00,18.9,64.0
2025-01-04T21:00,18.0,70.0
2025-01-04T22:00,17.4,73.0
2025-01-04T23:00,16.5,79.0
2025-01-05T00:00,15.9,82.0
2025-01-05T01:00,15.4,86.0
2025-01-05T02:00,15.3,87.0
2025-01-05T03:00,14.7,90.0
2025-01-05T04:00,14.3,90.0
2025-01-05T05:00,14.4,85.0
2025-01-05T06:00,14.7,78.0
2025-01-05T07:00,15.3,75.0
2025-01-05T08:00,16.8,72.0
2025-01-05T09:00,19.6,57.0
2025-01-05T10:00,21.6,46.0
2025-01-05T11:00,23.0,38.0
2025-01-05T12:00,23.8,35.0
2025-01-05T13:00,24.4,35.0
2025-01-05T14:00,24.4,35.0
2025-01-05T15:00,24.5,34.0
2025-01-05T16:00,24.5,33.0
2025-01-05T17:00,24.2,34.0
2025-01-05T18:00,22.2,51.0
2025-01-05T19:00,20.7,49.0
2025-01-05T20:00,19.9,54.0
2025-01-05T21:00,18.7,56.0
2025-01-05T22:00,18.4,59.0
2025-01-05T23:00,17.7,64.0
2025-01-06T00:00,16.3,71.0
2025-01-06T01:00,15.6,78.0
2025-01-06T02:00,15.5,81.0
2025-01-06T03:00,15.3,83.0
2025-01-06T04:00,15.1,84.0
2025-01-06T05:00,14.6,89.0
2025-01-06T06:00,14.2,92.0
2025-01-06T07:00,14.0,94.0
2025-01-06T08:00,15.7,87.0
2025-01-06T09:00,18.5,69.0
2025-01-06T10:00,20.6,51.0
2025-01-06T11:00,22.2,40.0
2025-01-06T12:00,23.3,36.0
2025-01-06T13:00,24.1,34.0
2025-01-06T14:00,24.5,34.0
2025-01-06T15:00,24.5,34.0
2025-01-06T16:00,24.1,36.0
2025-01-06T17:00,23.2,39.0
2025-01-06T18:00,22.0,44.0
2025-01-06T19:00,21.2,47.0
2025-01-06T20:00,19.9,54.0
2025-01-06T21:00,18.2,66.0
2025-01-06T22:00,17.2,75.0
2025-01-06T23:00,16.6,81.0
2025-01-07T00:00,16.0,86.0
2025-01-07T01:00,15.5,90.0
2025-01-07T02:00,15.2,93.0
2025-01-07T03:00,14.8,96.0
2025-01-07T04:00,14.6,97.0
2025-01-07T05:00,14.3,97.0
2025-01-07T06:00,14.0,97.0
2025-01-07T07:00,13.9,97.0
2025-01-07T08:00,15.1,90.0
2025-01-07T09:00,17.9,67.0
2025-01-07T10:00,20.1,54.0
2025-01-07T11:00,21.7,53.0
2025-01-07T12:00,23.4,48.0
2025-01-07T13:00,23.7,47.0
2025-01-07T14:00,23.9,46.0
2025-01-07T15:00,23.8,48.0
2025-01-07T16:00,23.3,53.0
2025-01-07T17:00,21.5,66.0
2025-01-07T18:00,20.5,72.0
2025-01-07T19:00,19.7,77.0
2025-01-07T20:00,19.1,81.0
2025-01-07T21:00,18.5,85.0
2025-01-07T22:00,17.9,89.0
2025-01-07T23:00,17.3,92.0
2025-01-08T00:00,16.8,95.0
2025-01-08T01:00,16.3,97.0
2025-01-08T02:00,16.2,98.0
2025-01-08T03:00,16.1,98.0
2025-01-08T04:00,15.9,99.0
2025-01-08T05:00,15.6,100.0
2025-01-08T06:00,15.4,100.0
2025-01-08T07:00,15.1,99.0
2025-01-08T08:00,17.4,90.0
2025-01-08T09:00,19.2,78.0
2025-01-08T10:00,21.1,67.0
2025-01-08T11:00,21.5,65.0
2025-01-08T12:00,23.0,57.0
2025-01-08T13:00,23.9,54.0
2025-01-08T14:00,23.9,54.0
2025-01-08T15:00,23.7,55.0
2025-01-08T16:00,22.9,58.0
2025-01-08T17:00,22.3,61.0
2025-01-08T18:00,21.7,64.0
2025-01-08T19:00,21.0,64.0
2025-01-08T20:00,19.9,76.0
2025-01-08T21:00,19.2,76.0
2025-01-08T22:00,18.5,76.0
2025-01-08T23:00,17.8,77.0
2025-01-09T00:00,17.2,82.0
2025-01-09T01:00,17.4,81.0
2025-01-09T02:00,17.6,80.0
2025-01-09T03:00,17.4,77.0
2025-01-09T04:00,17.1,62.0
2025-01-09T05:00,16.7,60.0
2025-01-09T06:00,16.6,58.0
2025-01-09T07:00,16.6,57.0
2025-01-09T08:00,16.9,59.0
2025-01-09T09:00,17.6,56.0
2025-01-09T10:00,18.9,52.0
2025-01-09T11:00,20.3,48.0
2025-01-09T12:00,21.4,47.0
2025-01-09T13:00,22.4,45.0
2025-01-09T14:00,22.7,45.0
2025-01-09T15:00,22.8,44.0
2025-01-09T16:00,22.6,44.0
2025-01-09T17:00,21.1,45.0
2025-01-09T18:00,19.3,50.0
2025-01-09T19:00,18.2,53.0
2025-01-09T20:00,18.9,51.0
2025-01-09T21:00,18.0,52.0
2025-01-09T22:00,17.1,55.0
2025-01-09T23:00,16.3,57.0
2025-01-10T00:00,15.5,58.0
2025-01-10T01:00,15.2,57.0
2025-01-10T02:00,14.9,56.0
2025-01-10T03:00,14.6,55.0
2025-01-10T04:00,14.2,56.0
2025-01-10T05:00,14.0,55.0
2025-01-10T06:00,13.7,55.0
2025-01-10T07:00,13.5,55.0
2025-01-10T08:00,14.5,50.0
2025-01-10T09:00,14.9,48.0
2025-01-10T10:00,15.7,45.0
2025-01-10T11:00,16.3,42.0
2025-01-10T12:00,17.3,39.0
2025-01-10T13:00,18.3,37.0
2025-01-10T14:00,19.0,36.0
2025-01-10T15:00,19.1,36.0
2025-01-10T16:00,18.8,37.0
2025-01-10T17:00,18.2,39.0
2025-01-10T18:00,17.3,45.0
2025-01-10T19:00,16.8,48.0
2025-01-10T20:00,16.1,49.0
2025-01-10T21:00,15.9,48.0
2025-01-10T22:00,15.8,46.0
2025-01-10T23:00,15.6,45.0
2025-01-11T00:00,15.0,47.0
2025-01-11T01:00,14.7,47.0
2025-01-11T02:00,14.2,48.0
2025-01-11T03:00,14.0,46.0
2025-01-11T04:00,13.9,43.0
2025-01-11T05:00,13.6,44.0
2025-01-11T06:00,13.5,42.0
2025-01-11T07:00,13.4,41.0
2025-01-11T08:00,14.5,39.0
2025-01-11T09:00,15.1,38.0
2025-01-11T10:00,15.8,37.0
2025-01-11T11:00,16.5,36.0
2025-01-11T12:00,17.2,35.0
2025-01-11T13:00,17.2,35.0
2025-01-11T14:00,17.5,34.0
2025-01-11T15:00,18.1,32.0
2025-01-11T16:00,18.2,31.0
2025-01-11T17:00,17.6,33.0
2025-01-11T18:00,16.1,42.0
2025-01-11T19:00,15.2,48.0
2025-01-11T20:00,14.7,54.0
2025-01-11T21:00,14.0,58.0
2025-01-11T22:00,13.3,62.0
2025-01-11T23:00,12.4,70.0
2025-01-12T00:00,11.6,77.0
2025-01-12T01:00,11.1,80.0
2025-01-12T02:00,10.6,80.0
2025-01-12T03:00,10.7,69.0
2025-01-12T04:00,10.6,66.0
2025-01-12T05:00,10.1,66.0
2025-01-12T06:00,9.8,66.0
2025-01-12T07:00,9.6,66.0
2025-01-12T08:00,11.3,67.0
2025-01-12T09:00,14.0,50.0
2025-01-12T10:00,16.7,36.0
2025-01-12T11:00,18.2,27.0
2025-01-12T12:00,19.2,24.0
2025-01-12T13:00,19.8,23.0
2025-01-12T14:00,20.1,23.0
2025-01-12T15:00,20.2,24.0
2025-01-12T16:00,19.9,24.0
2025-01-12T17:00,19.0,25.0
2025-01-12T18:00,17.5,30.0
2025-01-12T19:00,16.5,35.0
2025-01-12T20:00,16.3,36.0
2025-01-12T21:00,15.4,42.0
2025-01-12T22:00,13.7,51.0
2025-01-12T23:00,12.8,58.0
2025-01-13T00:00,12.1,64.0
2025-01-13T01:00,11.6,68.0
2025-01-13T02:00,10.6,77.0
2025-01-13T03:00,10.1,86.0
2025-01-13T04:00,9.5,93.0
2025-01-13T05:00,9.1,95.0
2025-01-13T06:00,8.8,96.0
2025-01-13T07:00,8.9,97.0
2025-01-13T08:00,11.3,79.0
2025-01-13T09:00,14.6,51.0
2025-01-13T10:00,17.2,39.0
2025-01-13T11:00,18.9,37.0
2025-01-13T12:00,20.0,36.0
2025-01-13T13:00,20.8,35.0
2025-01-13T14:00,21.2,36.0
2025-01-13T15:00,21.1,38.0
2025-01-13T16:00,20.8,40.0
2025-01-13T17:00,20.4,41.0
2025-01-13T18:00,18.8,48.0
2025-01-13T19:00,18.0,52.0
2025-01-13T20:00,17.5,55.0
2025-01-13T21:00,16.8,57.0
2025-01-13T22:00,15.9,63.0
2025-01-13T23:00,14.8,72.0
2025-01-14T00:00,13.9,81.0
2025-01-14T01:00,13.0,90.0
2025-01-14T02:00,12.5,93.0
2025-01-14T03:00,12.2,96.0
2025-01-14T04:00,11.7,98.0
2025-01-14T05:00,11.2,99.0
2025-01-14T06:00,10.9,98.0
2025-01-14T07:00,11.0,96.0
2025-01-14T08:00,13.6,84.0
2025-01-14T09:00,15.8,72.0
2025-01-14T10:00,18.0,63.0
2025-01-14T11:00,19.8,58.0
2025-01-14T12:00,22.3,49.0
2025-01-14T13:00,23.4,46.0
2025-01-14T14:00,23.7,45.0
2025-01-14T15:00,23.9,45.0
2025-01-14T16:00,23.2,47.0
2025-01-14T17:00,21.6,52.0
2025-01-14T18:00,21.0,55.0
2025-01-14T19:00,20.5,57.0
2025-01-14T20:00,20.1,59.0
2025-01-14T21:00,19.7,62.0
2025-01-14T22:00,18.9,68.0
2025-01-14T23:00,18.5,72.0
2025-01-15T00:00,17.9,75.0
2025-01-15T01:00,17.1,78.0
2025-01-15T02:00,16.7,78.0
2025-01-15T03:00,16.6,78.0
2025-01-15T04:00,16.9,78.0
2025-01-15T05:00,17.0,78.0
2025-01-15T06:00,17.0,77.0
2025-01-15T07:00,16.9,77.0
2025-01-15T08:00,17.4,75.0
2025-01-15T09:00,19.1,65.0
2025-01-15T10:00,20.2,42.0
2025-01-15T11:00,21.3,36.0
2025-01-15T12:00,22.1,33.0
2025-01-15T13:00,22.6,32.0
2025-01-15T14:00,23.1,32.0
2025-01-15T15:00,23.1,32.0
2025-01-15T16:00,22.8,32.0
2025-01-15T17:00,21.9,34.0
2025-01-15T18:00,20.2,40.0
2025-01-15T19:00,19.0,45.0
2025-01-15T20:00,19.3,47.0
2025-01-15T21:00,18.6,49.0
2025-01-15T22:00,18.0,50.0
2025-01-15T23:00,17.3,50.0
2025-01-16T00:00,16.3,54.0
2025-01-16T01:00,15.2,60.0
2025-01-16T02:00,14.7,62.0
2025-01-16T03:00,14.9,59.0
2025-01-16T04:00,14.9,56.0
2025-01-16T05:00,15.0,54.0
2025-01-16T06:00,15.1,52.0
2025-01-16T07:00,15.0,51.0
2025-01-16T08:00,16.5,52.0
2025-01-16T09:00,17.7,46.0
2025-01-16T10:00,18.8,42.0
2025-01-16T11:00,20.4,38.0
2025-01-16T12:00,21.5,37.0
2025-01-16T13:00,22.5,34.0
2025-01-16T14:00,23.1,32.0
2025-01-16T15:00,23.2,31.0
2025-01-16T16:00,23.0,32.0
2025-01-16T17:00,22.3,34.0
2025-01-16T18:00,20.5,49.0
2025-01-16T19:00,19.4,52.0
2025-01-16T20:00,19.2,43.0
2025-01-16T21:00,18.1,48.0
2025-01-16T22:00,15.9,69.0
2025-01-16T23:00,15.1,77.0
2025-01-17T00:00,14.5,81.0
2025-01-17T01:00,14.0,83.0
2025-01-17T02:00,13.8,84.0
2025-01-17T03:00,13.4,87.0
2025-01-17T04:00,13.2,89.0
2025-01-17T05:00,12.7,93.0
2025-01-17T06:00,12.1,95.0
2025-01-17T07:00,11.8,96.0
2025-01-17T08:00,13.4,89.0
2025-01-17T09:00,16.7,70.0
2025-01-17T10:00,19.1,54.0
2025-01-17T11:00,20.7,45.0
2025-01-17T12:00,21.8,40.0
2025-01-17T13:00,22.5,37.0
2025-01-17T14:00,22.9,35.0
2025-01-17T15:00,22.7,34.0
2025-01-17T16:00,22.2,34.0
2025-01-17T17:00,21.4,36.0
2025-01-17T18:00,19.6,49.0
2025-01-17T19:00,18.1,60.0
2025-01-17T20:00,17.3,69.0
2025-01-17T21:00,16.6,76.0
2025-01-17T22:00,16.0,79.0
2025-01-17T23:00,15.4,82.0
2025-01-18T00:00,14.8,84.0
2025-01-18T01:00,14.3,87.0
2025-01-18T02:00,13.8,89.0
2025-01-18T03:00,13.4,91.0
2025-01-18T04:00,13.2,91.0
2025-01-18T05:00,13.1,91.0
2025-01-18T06:00,13.2,90.0
2025-01-18T07:00,13.4,87.0
2025-01-18T08:00,14.4,79.0
2025-01-18T09:00,16.0,68.0
2025-01-18T10:00,17.3,62.0
2025-01-18T11:00,19.1,58.0
2025-01-18T12:00,21.0,50.0
2025-01-18T13:00,21.9,47.0
2025-01-18T14:00,21.7,48.0
2025-01-18T15:00,21.8,49.0
2025-01-18T16:00,21.5,50.0
2025-01-18T17:00,21.1,52.0
2025-01-18T18:00,20.5,56.0
2025-01-18T19:00,19.7,65.0
2025-01-18T20:00,19.6,62.0
2025-01-18T21:00,18.8,73.0
2025-01-18T22:00,18.4,75.0
2025-01-18T23:00,17.5,76.0
2025-01-19T00:00,16.7,75.0
2025-01-19T01:00,16.1,75.0
2025-01-19T02:00,15.3,80.0
2025-01-19T03:00,14.6,85.0
2025-01-19T04:00,14.3,88.0
2025-01-19T05:00,14.2,88.0
2025-01-19T06:00,14.1,89.0
2025-01-19T07:00,14.2,88.0
2025-01-19T08:00,16.7,76.0
2025-01-19T09:00,18.6,64.0
2025-01-19T10:00,20.4,53.0
2025-01-19T11:00,21.9,46.0
2025-01-19T12:00,23.3,40.0
2025-01-19T13:00,23.7,38.0
2025-01-19T14:00,24.1,36.0
2025-01-19T15:00,24.3,35.0
2025-01-19T16:00,24.0,37.0
2025-01-19T17:00,23.1,40.0
2025-01-19T18:00,21.7,46.0
2025-01-19T19:00,20.7,49.0
2025-01-19T20:00,20.0,51.0
2025-01-19T21:00,19.0,56.0
2025-01-19T22:00,17.5,65.0
2025-01-19T23:00,16.9,69.0
2025-01-20T00:00,16.4,73.0
2025-01-20T01:00,16.0,77.0
2025-01-20T02:00,15.4,83.0
2025-01-20T03:00,14.6,85.0
2025-01-20T04:00,13.9,87.0
2025-01-20T05:00,13.5,89.0
2025-01-20T06:00,13.3,90.0
2025-01-20T07:00,13.1,92.0
2025-01-20T08:00,15.1,80.0
2025-01-20T09:00,17.9,64.0
2025-01-20T10:00,20.3,53.0
2025-01-20T11:00,22.2,45.0
2025-01-20T12:00,23.6,41.0
2025-01-20T13:00,25.5,34.0
2025-01-20T14:00,25.9,33.0
2025-01-20T15:00,25.7,33.0
2025-01-20T16:00,25.4,34.0
2025-01-20T17:00,24.7,36.0
2025-01-20T18:00,23.1,40.0
2025-01-20T19:00,22.1,46.0
2025-01-20T20:00,21.4,45.0
2025-01-20T21:00,19.2,56.0
2025-01-20T22:00,18.0,60.0
2025-01-20T23:00,17.4,65.0
2025-01-21T00:00,16.9,70.0
2025-01-21T01:00,16.1,77.0
2025-01-21T02:00,15.2,81.0
2025-01-21T03:00,14.6,84.0
2025-01-21T04:00,14.2,85.0
2025-01-21T05:00,14.0,87.0
2025-01-21T06:00,13.6,90.0
2025-01-21T07:00,13.5,92.0
2025-01-21T08:00,15.7,82.0
2025-01-21T09:00,18.4,68.0
2025-01-21T10:00,20.9,57.0
2025-01-21T11:00,22.7,46.0
2025-01-21T12:00,24.0,40.0
2025-01-21T13:00,24.8,38.0
2025-01-21T14:00,25.4,36.0
2025-01-21T15:00,25.7,37.0
2025-01-21T16:00,25.1,39.0
2025-01-21T17:00,24.3,43.0
2025-01-21T18:00,22.5,49.0
2025-01-21T19:00,19.9,51.0
2025-01-21T20:00,19.1,64.0
2025-01-21T21:00,18.3,76.0
2025-01-21T22:00,17.7,82.0
2025-01-21T23:00,17.2,87.0
2025-01-22T00:00,16.6,91.0
2025-01-22T01:00,16.3,94.0
2025-01-22T02:00,16.0,94.0
2025-01-22T03:00,15.9,94.0
2025-01-22T04:00,15.7,94.0
2025-01-22T05:00,15.5,93.0
2025-01-22T06:00,15.3,90.0
2025-01-22T07:00,15.4,87.0
2025-01-22T08:00,17.5,76.0
2025-01-22T09:00,19.1,71.0
2025-01-22T10:00,20.5,68.0
2025-01-22T11:00,21.9,64.0
2025-01-22T12:00,22.4,65.0
2025-01-22T13:00,22.6,64.0
2025-01-22T14:00,23.2,61.0
2025-01-22T15:00,22.7,65.0
2025-01-22T16:00,22.5,67.0
2025-01-22T17:00,22.3,67.0
2025-01-22T18:00,21.8,70.0
2025-01-22T19:00,21.4,72.0
2025-01-22T20:00,19.7,80.0
2025-01-22T21:00,18.9,84.0
2025-01-22T22:00,18.3,88.0
2025-01-22T23:00,17.6,92.0
2025-01-23T00:00,17.2,95.0
2025-01-23T01:00,16.9,96.0
2025-01-23T02:00,16.6,97.0
2025-01-23T03:00,16.5,97.0
2025-01-23T04:00,16.6,97.0
2025-01-23T05:00,16.7,94.0
2025-01-23T06:00,16.4,94.0
2025-01-23T07:00,16.7,92.0
2025-01-23T08:00,18.0,88.0
2025-01-23T09:00,18.7,85.0
2025-01-23T10:00,20.0,78.0
2025-01-23T11:00,21.1,72.0
2025-01-23T12:00,21.9,67.0
2025-01-23T13:00,22.3,66.0
2025-01-23T14:00,23.1,63.0
2025-01-23T15:00,23.3,61.0
2025-01-23T16:00,23.9,58.0
2025-01-23T17:00,23.6,59.0
2025-01-23T18:00,22.0,67.0
2025-01-23T19:00,20.9,72.0
2025-01-23T20:00,20.2,78.0
2025-01-23T21:00,19.3,83.0
2025-01-23T22:00,18.5,88.0
2025-01-23T23:00,17.9,94.0
2025-01-24T00:00,17.4,97.0
2025-01-24T01:00,18.0,96.0
2025-01-24T02:00,18.0,97.0
2025-01-24T03:00,18.1,97.0
2025-01-24T04:00,18.1,97.0
2025-01-24T05:00,18.2,97.0
2025-01-24T06:00,18.4,97.0
2025-01-24T07:00,18.6,97.0
2025-01-24T08:00,19.1,94.0
2025-01-24T09:00,19.7,91.0
2025-01-24T10:00,20.4,87.0
2025-01-24T11:00,22.0,78.0
2025-01-24T12:00,23.7,68.0
2025-01-24T13:00,25.3,60.0
2025-01-24T14:00,26.1,56.0
2025-01-24T15:00,26.8,54.0
2025-01-24T16:00,26.8,54.0
2025-01-24T17:00,25.2,61.0
2025-01-24T18:00,23.4,69.0
2025-01-24T19:00,22.1,75.0
2025-01-24T20:00,21.5,79.0
2025-01-24T21:00,20.7,85.0
2025-01-24T22:00,20.1,90.0
2025-01-24T23:00,19.8,93.0
2025-01-25T00:00,20.0,93.0
2025-01-25T01:00,20.1,92.0
2025-01-25T02:00,20.1,92.0
2025-01-25T03:00,20.0,93.0
2025-01-25T04:00,19.9,94.0
2025-01-25T05:00,19.9,94.0
2025-01-25T06:00,19.8,96.0
2025-01-25T07:00,19.9,96.0
2025-01-25T08:00,20.4,98.0
2025-01-25T09:00,20.7,97.0
2025-01-25T10:00,21.5,92.0
2025-01-25T11:00,23.3,79.0
2025-01-25T12:00,23.9,76.0
2025-01-25T13:00,24.4,74.0
2025-01-25T14:00,24.1,76.0
2025-01-25T15:00,24.2,75.0
2025-01-25T16:00,23.3,78.0
2025-01-25T17:00,22.4,80.0
2025-01-25T18:00,22.0,80.0
2025-01-25T19:00,21.7,80.0
2025-01-25T20:00,21.2,85.0
2025-01-25T21:00,21.0,86.0
2025-01-25T22:00,20.8,87.0
2025-01-25T23:00,20.5,89.0
2025-01-26T00:00,20.3,90.0
2025-01-26T01:00,17.9,90.0
2025-01-26T02:00,16.8,87.0
2025-01-26T03:00,16.0,85.0
2025-01-26T04:00,14.9,86.0
2025-01-26T05:00,14.5,81.0
2025-01-26T06:00,13.8,84.0
2025-01-26T07:00,13.7,83.0
2025-01-26T08:00,14.9,76.0
2025-01-26T09:00,14.5,78.0
2025-01-26T10:00,14.7,77.0
2025-01-26T11:00,14.4,80.0
2025-01-26T12:00,14.9,68.0
2025-01-26T13:00,14.6,65.0
2025-01-26T14:00,14.6,63.0
2025-01-26T15:00,14.8,56.0
2025-01-26T16:00,14.7,58.0
2025-01-26T17:00,14.4,59.0
2025-01-26T18:00,14.1,58.0
2025-01-26T19:00,14.0,57.0
2025-01-26T20:00,14.1,59.0
2025-01-26T21:00,14.0,60.0
2025-01-26T22:00,13.8,59.0
2025-01-26T23:00,13.6,59.0
2025-01-27T00:00,13.4,60.0
2025-01-27T01:00,13.1,62.0
2025-01-27T02:00,12.9,63.0
2025-01-27T03:00,12.8,65.0
2025-01-27T04:00,12.7,67.0
2025-01-27T05:00,12.5,68.0
2025-01-27T06:00,12.7,65.0
2025-01-27T07:00,12.6,64.0
2025-01-27T08:00,13.1,67.0
2025-01-27T09:00,14.4,51.0
2025-01-27T10:00,14.3,48.0
2025-01-27T11:00,15.4,43.0
2025-01-27T12:00,16.2,42.0
2025-01-27T13:00,17.0,40.0
2025-01-27T14:00,17.4,38.0
2025-01-27T15:00,17.7,38.0
2025-01-27T16:00,17.7,39.0
2025-01-27T17:00,17.0,52.0
2025-01-27T18:00,16.0,57.0
2025-01-27T19:00,15.7,63.0
2025-01-27T20:00,14.4,71.0
2025-01-27T21:00,14.2,69.0
2025-01-27T22:00,13.6,58.0
2025-01-27T23:00,12.9,54.0
2025-01-28T00:00,13.0,54.0
2025-01-28T01:00,12.9,55.0
2025-01-28T02:00,12.5,54.0
2025-01-28T03:00,11.7,54.0
2025-01-28T04:00,11.1,54.0
2025-01-28T05:00,10.7,55.0
2025-01-28T06:00,10.4,56.0
2025-01-28T07:00,10.6,56.0
2025-01-28T08:00,12.0,54.0
2025-01-28T09:00,12.5,52.0
2025-01-28T10:00,12.4,56.0
2025-01-28T11:00,13.1,55.0
2025-01-28T12:00,15.9,45.0
2025-01-28T13:00,17.1,41.0
2025-01-28T14:00,17.6,40.0
2025-01-28T15:00,17.7,40.0
2025-01-28T16:00,17.7,40.0
2025-01-28T17:00,16.9,50.0
2025-01-28T18:00,15.5,57.0
2025-01-28T19:00,14.6,61.0
2025-01-28T20:00,13.1,66.0
2025-01-28T21:00,12.5,70.0
2025-01-28T22:00,12.1,70.0
2025-01-28T23:00,11.6,68.0
2025-01-29T00:00,11.0,71.0
2025-01-29T01:00,10.6,74.0
2025-01-29T02:00,10.2,76.0
2025-01-29T03:00,10.1,76.0
2025-01-29T04:00,9.9,81.0
2025-01-29T05:00,9.5,85.0
2025-01-29T06:00,9.1,89.0
2025-01-29T07:00,9.7,89.0
2025-01-29T08:00,11.3,82.0
2025-01-29T09:00,13.0,72.0
2025-01-29T10:00,14.4,62.0
2025-01-29T11:00,15.9,52.0
2025-01-29T12:00,17.1,48.0
2025-01-29T13:00,18.1,44.0
2025-01-29T14:00,18.8,44.0
2025-01-29T15:00,19.0,45.0
2025-01-29T16:00,18.8,47.0
2025-01-29T17:00,18.1,54.0
2025-01-29T18:00,16.4,67.0
2025-01-29T19:00,15.8,67.0
2025-01-29T20:00,14.6,71.0
2025-01-29T21:00,14.2,74.0
2025-01-29T22:00,13.6,76.0
2025-01-29T23:00,13.3,78.0
2025-01-30T00:00,12.7,81.0
2025-01-30T01:00,12.3,84.0
2025-01-30T02:00,11.9,86.0
2025-01-30T03:00,11.5,90.0
2025-01-30T04:00,11.2,92.0
2025-01-30T05:00,10.7,94.0
2025-01-30T06:00,10.5,95.0
2025-01-30T07:00,10.8,95.0
2025-01-30T08:00,13.2,81.0
2025-01-30T09:00,15.6,69.0
2025-01-30T10:00,17.9,63.0
2025-01-30T11:00,19.7,62.0
2025-01-30T12:00,20.7,60.0
2025-01-30T13:00,22.0,57.0
2025-01-30T14:00,22.5,56.0
2025-01-30T15:00,23.0,53.0
2025-01-30T16:00,23.3,55.0
2025-01-30T17:00,22.4,58.0
2025-01-30T18:00,20.1,69.0
2025-01-30T19:00,19.1,75.0
2025-01-30T20:00,18.4,80.0
2025-01-30T21:00,17.6,85.0
2025-01-30T22:00,17.0,88.0
2025-01-30T23:00,16.3,92.0
2025-01-31T00:00,16.1,94.0
2025-01-31T01:00,16.4,94.0
2025-01-31T02:00,16.5,95.0
2025-01-31T03:00,16.7,95.0
2025-01-31T04:00,17.0,95.0
2025-01-31T05:00,17.1,96.0
2025-01-31T06:00,17.3,95.0
2025-01-31T07:00,17.5,95.0
2025-01-31T08:00,18.3,91.0
2025-01-31T09:00,19.3,87.0
2025-01-31T10:00,20.0,84.0
2025-01-31T11:00,21.0,78.0
2025-01-31T12:00,23.3,66.0
2025-01-31T13:00,24.3,61.0
2025-01-31T14:00,25.3,58.0
2025-01-31T15:00,25.6,56.0
2025-01-31T16:00,26.2,54.0
2025-01-31T17:00,24.9,60.0
2025-01-31T18:00,22.4,70.0
2025-01-31T19:00,21.2,76.0
2025-01-31T20:00,20.6,82.0
2025-01-31T21:00,19.8,89.0
2025-01-31T22:00,19.0,94.0
2025-01-31T23:00,18.7,96.0
2025-02-01T00:00,18.9,96.0
2025-02-01T01:00,19.3,95.0
2025-02-01T02:00,19.3,96.0
2025-02-01T03:00,19.3,98.0
2025-02-01T04:00,19.3,98.0
2025-02-01T05:00,19.2,99.0
2025-02-01T06:00,19.2,99.0
2025-02-01T07:00,19.0,99.0
2025-02-01T08:00,18.8,98.0
2025-02-01T09:00,19.8,93.0
2025-02-01T10:00,21.4,84.0
2025-02-01T11:00,21.8,80.0
2025-02-01T12:00,23.0,75.0
2025-02-01T13:00,24.2,70.0
2025-02-01T14:00,25.0,67.0
2025-02-01T15:00,25.4,66.0
2025-02-01T16:00,25.1,66.0
2025-02-01T17:00,23.6,74.0
2025-02-01T18:00,21.8,82.0
2025-02-01T19:00,20.8,86.0
2025-02-01T20:00,20.3,89.0
2025-02-01T21:00,19.6,93.0
2025-02-01T22:00,19.4,95.0
2025-02-01T23:00,19.6,95.0
2025-02-02T00:00,19.7,95.0
2025-02-02T01:00,19.7,95.0
2025-02-02T02:00,19.6,96.0
2025-02-02T03:00,19.5,95.0
2025-02-02T04:00,19.4,94.0
2025-02-02T05:00,19.0,96.0
2025-02-02T06:00,19.0,93.0
2025-02-02T07:00,19.0,92.0
2025-02-02T08:00,20.0,88.0
2025-02-02T09:00,20.5,85.0
2025-02-02T10:00,21.5,80.0
2025-02-02T11:00,22.1,77.0
2025-02-02T12:00,23.0,73.0
2025-02-02T13:00,23.2,73.0
2025-02-02T14:00,23.3,73.0
2025-02-02T15:00,23.5,72.0
2025-02-02T16:00,23.2,74.0
2025-02-02T17:00,22.7,76.0
2025-02-02T18:00,21.8,79.0
2025-02-02T19:00,21.4,81.0
2025-02-02T20:00,20.0,88.0
2025-02-02T21:00,19.6,90.0
2025-02-02T22:00,19.0,90.0
2025-02-02T23:00,18.3,76.0
2025-02-03T00:00,17.5,74.0
2025-02-03T01:00,16.8,73.0
2025-02-03T02:00,16.1,74.0
2025-02-03T03:00,15.6,74.0
2025-02-03T04:00,15.1,75.0
2025-02-03T05:00,14.2,83.0
2025-02-03T06:00,14.1,85.0
2025-02-03T07:00,13.9,88.0
2025-02-03T08:00,14.4,90.0
2025-02-03T09:00,14.0,89.0
2025-02-03T10:00,14.3,82.0
2025-02-03T11:00,14.9,76.0
2025-02-03T12:00,15.7,69.0
2025-02-03T13:00,16.2,65.0
2025-02-03T14:00,17.0,58.0
2025-02-03T15:00,17.4,55.0
2025-02-03T16:00,17.4,55.0
2025-02-03T17:00,17.0,58.0
2025-02-03T18:00,16.4,60.0
2025-02-03T19:00,16.0,62.0
2025-02-03T20:00,15.8,65.0
2025-02-03T21:00,15.4,63.0
2025-02-03T22:00,15.1,62.0
2025-02-03T23:00,14.9,63.0
2025-02-04T00:00,14.7,64.0
2025-02-04T01:00,14.4,64.0
2025-02-04T02:00,14.3,63.0
2025-02-04T03:00,14.0,63.0
2025-02-04T04:00,13.8,62.0
2025-02-04T05:00,13.6,62.0
2025-02-04T06:00,13.3,62.0
2025-02-04T07:00,12.9,62.0
2025-02-04T08:00,13.8,57.0
2025-02-04T09:00,13.9,55.0
2025-02-04T10:00,14.3,54.0
2025-02-04T11:00,15.1,52.0
2025-02-04T12:00,16.1,50.0
2025-02-04T13:00,17.6,47.0
2025-02-04T14:00,18.2,45.0
2025-02-04T15:00,18.6,45.0
2025-02-04T16:00,18.6,45.0
2025-02-04T17:00,18.4,48.0
2025-02-04T18:00,17.0,58.0
2025-02-04T19:00,16.0,66.0
2025-02-04T20:00,15.2,68.0
2025-02-04T21:00,14.8,71.0
2025-02-04T22:00,13.9,74.0
2025-02-04T23:00,13.1,81.0
2025-02-05T00:00,12.7,86.0
2025-02-05T01:00,12.4,89.0
2025-02-05T02:00,12.3,91.0
2025-02-05T03:00,12.4,93.0
2025-02-05T04:00,12.5,95.0
2025-02-05T05:00,12.7,93.0
2025-02-05T06:00,12.9,93.0
2025-02-05T07:00,13.1,93.0
2025-02-05T08:00,14.2,87.0
2025-02-05T09:00,14.8,85.0
2025-02-05T10:00,15.6,81.0
2025-02-05T11:00,16.6,75.0
2025-02-05T12:00,18.4,69.0
2025-02-05T13:00,19.1,67.0
2025-02-05T14:00,18.9,69.0
2025-02-05T15:00,19.1,69.0
2025-02-05T16:00,18.9,70.0
2025-02-05T17:00,18.7,73.0
2025-02-05T18:00,18.2,76.0
2025-02-05T19:00,17.7,80.0
2025-02-05T20:00,16.9,83.0
2025-02-05T21:00,16.7,84.0
2025-02-05T22:00,16.6,84.0
2025-02-05T23:00,16.3,86.0
2025-02-06T00:00,16.1,87.0
2025-02-06T01:00,15.9,89.0
2025-02-06T02:00,15.8,90.0
2025-02-06T03:00,15.7,89.0
2025-02-06T04:00,15.7,90.0
2025-02-06T05:00,15.7,91.0
2025-02-06T06:00,15.7,92.0
2025-02-06T07:00,15.8,92.0
2025-02-06T08:00,15.6,94.0
2025-02-06T09:00,16.2,91.0
2025-02-06T10:00,17.1,84.0
2025-02-06T11:00,17.6,84.0
2025-02-06T12:00,18.1,83.0
2025-02-06T13:00,18.8,80.0
2025-02-06T14:00,19.9,77.0
2025-02-06T15:00,20.8,74.0
2025-02-06T16:00,21.0,74.0
2025-02-06T17:00,20.9,77.0
2025-02-06T18:00,19.7,83.0
2025-02-06T19:00,18.7,85.0
2025-02-06T20:00,17.6,89.0
2025-02-06T21:00,16.4,84.0
2025-02-06T22:00,15.9,81.0
2025-02-06T23:00,15.5,81.0
2025-02-07T00:00,15.1,82.0
2025-02-07T01:00,14.7,84.0
2025-02-07T02:00,14.1,87.0
2025-02-07T03:00,13.5,88.0
2025-02-07T04:00,13.2,89.0
2025-02-07T05:00,12.9,92.0
2025-02-07T06:00,12.8,92.0
2025-02-07T07:00,12.6,91.0
2025-02-07T08:00,12.8,91.0
2025-02-07T09:00,13.3,86.0
2025-02-07T10:00,13.6,80.0
2025-02-07T11:00,14.3,73.0
2025-02-07T12:00,14.8,68.0
2025-02-07T13:00,15.6,66.0
2025-02-07T14:00,15.9,64.0
2025-02-07T15:00,16.0,63.0
2025-02-07T16:00,15.9,63.0
2025-02-07T17:00,15.8,65.0
2025-02-07T18:00,15.6,67.0
2025-02-07T19:00,15.3,67.0
2025-02-07T20:00,14.5,71.0
2025-02-07T21:00,14.1,71.0
2025-02-07T22:00,13.7,71.0
2025-02-07T23:00,13.4,72.0
2025-02-08T00:00,13.1,72.0
2025-02-08T01:00,12.7,75.0
2025-02-08T02:00,12.2,76.0
2025-02-08T03:00,11.9,76.0
2025-02-08T04:00,11.5,76.0
2025-02-08T05:00,11.2,79.0
2025-02-08T06:00,10.9,83.0
2025-02-08T07:00,10.9,85.0
2025-02-08T08:00,11.5,80.0
2025-02-08T09:00,12.0,72.0
2025-02-08T10:00,12.6,67.0
2025-02-08T11:00,13.2,64.0
2025-02-08T12:00,13.7,61.0
2025-02-08T13:00,14.5,59.0
2025-02-08T14:00,14.9,57.0
2025-02-08T15:00,15.5,55.0
2025-02-08T16:00,15.8,54.0
2025-02-08T17:00,15.5,56.0
2025-02-08T18:00,14.9,63.0
2025-02-08T19:00,14.6,70.0
2025-02-08T20:00,13.8,66.0
2025-02-08T21:00,13.5,65.0
2025-02-08T22:00,13.3,64.0
2025-02-08T23:00,13.0,65.0
2025-02-09T00:00,12.8,68.0
2025-02-09T01:00,12.7,67.0
2025-02-09T02:00,12.6,64.0
2025-02-09T03:00,12.6,60.0
2025-02-09T04:00,12.4,58.0
2025-02-09T05:00,12.3,57.0
2025-02-09T06:00,12.0,56.0
2025-02-09T07:00,11.9,57.0
2025-02-09T08:00,12.2,59.0
2025-02-09T09:00,12.7,55.0
2025-02-09T10:00,13.0,54.0
2025-02-09T11:00,13.6,53.0
2025-02-09T12:00,14.4,52.0
2025-02-09T13:00,14.9,53.0
2025-02-09T14:00,15.4,53.0
2025-02-09T15:00,15.7,53.0
2025-02-09T16:00,16.0,53.0
2025-02-09T17:00,15.7,54.0
2025-02-09T18:00,14.7,66.0
2025-02-09T19:00,14.0,72.0
2025-02-09T20:00,13.5,74.0
2025-02-09T21:00,12.8,76.0
2025-02-09T22:00,12.4,78.0
2025-02-09T23:00,12.0,80.0
2025-02-10T00:00,11.8,81.0
2025-02-10T01:00,11.4,85.0
2025-02-10T02:00,10.9,90.0
2025-02-10T03:00,10.4,92.0
2025-02-10T04:00,10.1,93.0
2025-02-10T05:00,10.0,93.0
2025-02-10T06:00,9.8,93.0
2025-02-10T07:00,10.2,91.0
2025-02-10T08:00,12.5,81.0
2025-02-10T09:00,14.0,72.0
2025-02-10T10:00,15.4,65.0
2025-02-10T11:00,16.6,62.0
2025-02-10T12:00,17.5,61.0
2025-02-10T13:00,18.1,62.0
2025-02-10T14:00,19.1,60.0
2025-02-10T15:00,19.4,59.0
2025-02-10T16:00,19.4,60.0
2025-02-10T17:00,19.0,64.0
2025-02-10T18:00,18.3,71.0
2025-02-10T19:00,17.4,78.0
2025-02-10T20:00,15.8,82.0
2025-02-10T21:00,15.0,87.0
2025-02-10T22:00,14.4,89.0
2025-02-10T23:00,14.0,91.0
2025-02-11T00:00,13.2,94.0
2025-02-11T01:00,12.9,96.0
2025-02-11T02:00,12.6,98.0
2025-02-11T03:00,12.3,99.0
2025-02-11T04:00,11.9,100.0
2025-02-11T05:00,11.8,100.0
2025-02-11T06:00,12.4,99.0
2025-02-11T07:00,13.1,97.0
2025-02-11T08:00,14.7,90.0
2025-02-11T09:00,16.3,83.0
2025-02-11T10:00,17.4,79.0
2025-02-11T11:00,19.4,73.0
2025-02-11T12:00,20.5,69.0
2025-02-11T13:00,21.5,65.0
2025-02-11T14:00,22.6,61.0
2025-02-11T15:00,23.5,58.0
2025-02-11T16:00,23.8,58.0
2025-02-11T17:00,22.8,63.0
2025-02-11T18:00,20.6,74.0
2025-02-11T19:00,18.5,84.0
2025-02-11T20:00,18.5,85.0
2025-02-11T21:00,18.1,88.0
2025-02-11T22:00,17.4,91.0
2025-02-11T23:00,16.9,94.0
2025-02-12T00:00,16.5,95.0
2025-02-12T01:00,16.1,97.0
2025-02-12T02:00,16.1,97.0
2025-02-12T03:00,16.3,97.0
2025-02-12T04:00,16.5,97.0
2025-02-12T05:00,16.6,97.0
2025-02-12T06:00,16.6,97.0
2025-02-12T07:00,16.8,97.0
2025-02-12T08:00,17.6,94.0
2025-02-12T09:00,18.4,91.0
2025-02-12T10:00,19.3,87.0
2025-02-12T11:00,20.3,83.0
2025-02-12T12:00,21.3,78.0
2025-02-12T13:00,21.6,77.0
2025-02-12T14:00,22.0,75.0
2025-02-12T15:00,22.5,72.0
2025-02-12T16:00,22.8,71.0
2025-02-12T17:00,22.6,71.0
2025-02-12T18:00,21.7,81.0
2025-02-12T19:00,21.4,81.0
2025-02-12T20:00,21.2,83.0
2025-02-12T21:00,20.6,85.0
2025-02-12T22:00,20.2,90.0
2025-02-12T23:00,19.8,91.0
2025-02-13T00:00,19.5,92.0
2025-02-13T01:00,19.2,94.0
2025-02-13T02:00,18.8,96.0
2025-02-13T03:00,17.5,92.0
2025-02-13T04:00,16.9,88.0
2025-02-13T05:00,16.4,86.0
2025-02-13T06:00,16.3,81.0
2025-02-13T07:00,16.3,77.0
2025-02-13T08:00,17.8,78.0
2025-02-13T09:00,18.3,72.0
2025-02-13T10:00,18.9,70.0
2025-02-13T11:00,19.5,69.0
2025-02-13T12:00,20.5,64.0
2025-02-13T13:00,20.9,63.0
2025-02-13T14:00,21.4,63.0
2025-02-13T15:00,22.1,62.0
2025-02-13T16:00,22.6,63.0
2025-02-13T17:00,22.2,69.0
2025-02-13T18:00,21.2,73.0
2025-02-13T19:00,19.4,73.0
2025-02-13T20:00,18.6,79.0
2025-02-13T21:00,17.8,83.0
2025-02-13T22:00,17.3,86.0
2025-02-13T23:00,17.1,86.0
2025-02-14T00:00,17.3,85.0
2025-02-14T01:00,17.3,85.0
2025-02-14T02:00,17.2,86.0
2025-02-14T03:00,17.2,87.0
2025-02-14T04:00,17.2,87.0
2025-02-14T05:00,17.0,88.0
2025-02-14T06:00,17.1,87.0
2025-02-14T07:00,17.3,86.0
2025-02-14T08:00,17.7,85.0
2025-02-14T09:00,18.1,83.0
2025-02-14T10:00,18.6,82.0
2025-02-14T11:00,19.4,81.0
2025-02-14T12:00,20.3,79.0
2025-02-14T13:00,21.4,76.0
2025-02-14T14:00,21.3,77.0
2025-02-14T15:00,21.9,76.0
2025-02-14T16:00,22.5,73.0
2025-02-14T17:00,22.2,76.0
2025-02-14T18:00,21.2,80.0
2025-02-14T19:00,19.7,86.0
2025-02-14T20:00,19.7,87.0
2025-02-14T21:00,19.3,89.0
2025-02-14T22:00,18.6,92.0
2025-02-14T23:00,18.6,92.0
2025-02-15T00:00,18.7,92.0
2025-02-15T01:00,18.7,92.0
2025-02-15T02:00,18.7,93.0
2025-02-15T03:00,18.6,93.0
2025-02-15T04:00,18.6,94.0
2025-02-15T05:00,18.6,94.0
2025-02-15T06:00,18.6,95.0
2025-02-15T07:00,18.6,95.0
2025-02-15T08:00,19.4,92.0
2025-02-15T09:00,20.8,88.0
2025-02-15T10:00,21.3,85.0
2025-02-15T11:00,21.9,83.0
2025-02-15T12:00,22.8,80.0
2025-02-15T13:00,23.4,77.0
2025-02-15T14:00,24.1,74.0
2025-02-15T15:00,25.0,71.0
2025-02-15T16:00,23.5,78.0
2025-02-15T17:00,22.9,80.0
2025-02-15T18:00,22.0,84.0
2025-02-15T19:00,21.3,88.0
2025-02-15T20:00,20.4,91.0
2025-02-15T21:00,20.1,92.0
2025-02-15T22:00,20.1,93.0
2025-02-15T23:00,20.0,94.0
2025-02-16T00:00,19.9,95.0
2025-02-16T01:00,19.6,97.0
2025-02-16T02:00,18.0,95.0
2025-02-16T03:00,16.7,95.0
2025-02-16T04:00,16.5,95.0
2025-02-16T05:00,16.5,93.0
2025-02-16T06:00,16.4,93.0
2025-02-16T07:00,16.5,90.0
2025-02-16T08:00,16.5,89.0
2025-02-16T09:00,17.0,84.0
2025-02-16T10:00,16.8,85.0
2025-02-16T11:00,17.4,82.0
2025-02-16T12:00,17.8,80.0
2025-02-16T13:00,18.2,78.0
2025-02-16T14:00,18.5,77.0
2025-02-16T15:00,18.8,77.0
2025-02-16T16:00,19.0,76.0
2025-02-16T17:00,18.8,77.0
2025-02-16T18:00,18.3,81.0
2025-02-16T19:00,17.9,83.0
2025-02-16T20:00,15.7,87.0
2025-02-16T21:00,15.7,86.0
2025-02-16T22:00,15.7,85.0
2025-02-16T23:00,15.7,85.0
2025-02-17T00:00,15.7,86.0
2025-02-17T01:00,15.6,88.0
2025-02-17T02:00,15.6,89.0
2025-02-17T03:00,15.6,89.0
2025-02-17T04:00,15.5,91.0
2025-02-17T05:00,15.5,93.0
2025-02-17T06:00,15.5,94.0
2025-02-17T07:00,15.7,93.0
2025-02-17T08:00,16.1,90.0
2025-02-17T09:00,16.9,86.0
2025-02-17T10:00,18.0,81.0
2025-02-17T11:00,19.0,78.0
2025-02-17T12:00,20.5,74.0
2025-02-17T13:00,21.2,73.0
2025-02-17T14:00,22.2,71.0
2025-02-17T15:00,22.2,71.0
2025-02-17T16:00,22.1,73.0
2025-02-17T17:00,21.5,79.0
2025-02-17T18:00,20.9,82.0
2025-02-17T19:00,20.3,84.0
2025-02-17T20:00,19.2,87.0
2025-02-17T21:00,18.5,89.0
2025-02-17T22:00,18.3,90.0
2025-02-17T23:00,18.2,92.0
2025-02-18T00:00,18.2,92.0
2025-02-18T01:00,17.4,92.0
2025-02-18T02:00,16.6,95.0
2025-02-18T03:00,16.2,95.0
2025-02-18T04:00,16.1,92.0
2025-02-18T05:00,15.8,92.0
2025-02-18T06:00,15.6,93.0
2025-02-18T07:00,15.4,92.0
2025-02-18T08:00,15.7,93.0
2025-02-18T09:00,16.0,91.0
2025-02-18T10:00,16.1,88.0
2025-02-18T11:00,16.8,84.0
2025-02-18T12:00,17.0,83.0
2025-02-18T13:00,17.5,81.0
2025-02-18T14:00,18.0,78.0
2025-02-18T15:00,18.7,77.0
2025-02-18T16:00,19.0,77.0
2025-02-18T17:00,19.0,81.0
2025-02-18T18:00,18.3,87.0
2025-02-18T19:00,18.0,88.0
2025-02-18T20:00,17.0,88.0
2025-02-18T21:00,16.8,88.0
2025-02-18T22:00,16.4,88.0
2025-02-18T23:00,16.4,89.0
2025-02-19T00:00,16.4,89.0
2025-02-19T01:00,16.4,89.0
2025-02-19T02:00,16.3,89.0
2025-02-19T03:00,16.2,89.0
2025-02-19T04:00,16.2,89.0
2025-02-19T05:00,16.1,90.0
2025-02-19T06:00,16.1,91.0
2025-02-19T07:00,16.3,91.0
2025-02-19T08:00,16.1,95.0
2025-02-19T09:00,16.9,91.0
2025-02-19T10:00,17.9,86.0
2025-02-19T11:00,18.2,84.0
2025-02-19T12:00,18.6,83.0
2025-02-19T13:00,19.5,81.0
2025-02-19T14:00,20.0,80.0
2025-02-19T15:00,20.1,82.0
2025-02-19T16:00,19.7,87.0
2025-02-19T17:00,19.5,89.0
2025-02-19T18:00,19.2,90.0
2025-02-19T19:00,19.1,91.0
2025-02-19T20:00,17.5,92.0
2025-02-19T21:00,17.5,94.0
2025-02-19T22:00,17.5,93.0
2025-02-19T23:00,17.4,94.0
2025-02-20T00:00,17.4,95.0
2025-02-20T01:00,17.4,95.0
2025-02-20T02:00,17.4,95.0
2025-02-20T03:00,17.4,95.0
2025-02-20T04:00,17.4,95.0
2025-02-20T05:00,17.5,95.0
2025-02-20T06:00,17.5,95.0
2025-02-20T07:00,17.7,94.0
2025-02-20T08:00,18.1,92.0
2025-02-20T09:00,18.8,90.0
2025-02-20T10:00,19.7,87.0
2025-02-20T11:00,20.5,83.0
2025-02-20T12:00,21.2,81.0
2025-02-20T13:00,22.4,76.0
2025-02-20T14:00,22.9,74.0
2025-02-20T15:00,23.0,75.0
2025-02-20T16:00,22.7,76.0
2025-02-20T17:00,22.3,80.0
2025-02-20T18:00,21.5,83.0
2025-02-20T19:00,20.8,85.0
2025-02-20T20:00,19.6,92.0
2025-02-20T21:00,19.7,91.0
2025-02-20T22:00,19.3,92.0
2025-02-20T23:00,18.9,94.0
2025-02-21T00:00,18.6,95.0
2025-02-21T01:00,18.0,96.0
2025-02-21T02:00,18.1,96.0
2025-02-21T03:00,18.0,96.0
2025-02-21T04:00,18.1,96.0
2025-02-21T05:00,18.2,95.0
2025-02-21T06:00,17.9,96.0
2025-02-21T07:00,18.1,96.0
2025-02-21T08:00,19.6,91.0
2025-02-21T09:00,20.3,86.0
2025-02-21T10:00,21.1,82.0
2025-02-21T11:00,21.3,79.0
2025-02-21T12:00,21.7,77.0
2025-02-21T13:00,21.9,76.0
2025-02-21T14:00,21.8,76.0
2025-02-21T15:00,21.9,76.0
2025-02-21T16:00,22.1,74.0
2025-02-21T17:00,21.4,78.0
2025-02-21T18:00,20.6,81.0
2025-02-21T19:00,20.2,83.0
2025-02-21T20:00,18.5,89.0
2025-02-21T21:00,18.2,89.0
2025-02-21T22:00,18.0,88.0
2025-02-21T23:00,17.8,89.0
2025-02-22T00:00,17.8,90.0
2025-02-22T01:00,17.8,90.0
2025-02-22T02:00,17.8,94.0
2025-02-22T03:00,17.8,93.0
2025-02-22T04:00,17.8,89.0
2025-02-22T05:00,17.7,88.0
2025-02-22T06:00,17.5,88.0
2025-02-22T07:00,17.5,88.0
2025-02-22T08:00,17.7,92.0
2025-02-22T09:00,18.2,90.0
2025-02-22T10:00,19.1,83.0
2025-02-22T11:00,20.2,78.0
2025-02-22T12:00,21.3,76.0
2025-02-22T13:00,21.7,76.0
2025-02-22T14:00,21.6,78.0
2025-02-22T15:00,21.3,79.0
2025-02-22T16:00,21.3,80.0
2025-02-22T17:00,21.1,81.0
2025-02-22T18:00,20.4,84.0
2025-02-22T19:00,20.2,85.0
2025-02-22T20:00,19.5,88.0
2025-02-22T21:00,19.3,88.0
2025-02-22T22:00,19.2,88.0
2025-02-22T23:00,19.0,89.0
2025-02-23T00:00,18.8,91.0
2025-02-23T01:00,18.7,92.0
2025-02-23T02:00,18.5,92.0
2025-02-23T03:00,18.0,96.0
2025-02-23T04:00,17.2,95.0
2025-02-23T05:00,16.6,93.0
2025-02-23T06:00,16.1,91.0
2025-02-23T07:00,15.8,88.0
2025-02-23T08:00,16.1,89.0
2025-02-23T09:00,16.1,83.0
2025-02-23T10:00,16.2,77.0
2025-02-23T11:00,16.7,74.0
2025-02-23T12:00,17.3,71.0
2025-02-23T13:00,17.7,69.0
2025-02-23T14:00,17.2,70.0
2025-02-23T15:00,17.7,69.0
2025-02-23T16:00,17.9,68.0
2025-02-23T17:00,17.6,70.0
2025-02-23T18:00,17.2,73.0
2025-02-23T19:00,17.2,72.0
2025-02-23T20:00,15.3,76.0
2025-02-23T21:00,15.1,75.0
2025-02-23T22:00,15.0,75.0
2025-02-23T23:00,14.7,77.0
2025-02-24T00:00,14.5,78.0
2025-02-24T01:00,14.1,79.0
2025-02-24T02:00,13.7,79.0
2025-02-24T03:00,13.4,80.0
2025-02-24T04:00,13.1,82.0
2025-02-24T05:00,12.8,83.0
2025-02-24T06:00,12.5,83.0
2025-02-24T07:00,12.4,81.0
2025-02-24T08:00,12.7,85.0
2025-02-24T09:00,12.9,83.0
2025-02-24T10:00,12.9,81.0
2025-02-24T11:00,13.7,77.0
2025-02-24T12:00,14.1,76.0
2025-02-24T13:00,14.7,73.0
2025-02-24T14:00,14.8,72.0
2025-02-24T15:00,15.0,70.0
2025-02-24T16:00,15.1,70.0
2025-02-24T17:00,15.0,71.0
2025-02-24T18:00,14.7,76.0
2025-02-24T19:00,14.3,79.0
2025-02-24T20:00,12.9,89.0
2025-02-24T21:00,13.1,88.0
2025-02-24T22:00,12.8,90.0
2025-02-24T23:00,13.1,88.0
2025-02-25T00:00,13.0,89.0
2025-02-25T01:00,13.1,88.0
2025-02-25T02:00,13.0,88.0
2025-02-25T03:00,13.0,89.0
2025-02-25T04:00,13.0,89.0
2025-02-25T05:00,13.0,89.0
2025-02-25T06:00,13.0,89.0
2025-02-25T07:00,13.2,89.0
2025-02-25T08:00,13.4,92.0
2025-02-25T09:00,13.6,92.0
2025-02-25T10:00,13.9,92.0
2025-02-25T11:00,14.0,93.0
2025-02-25T12:00,14.5,91.0
2025-02-25T13:00,14.8,90.0
2025-02-25T14:00,15.0,90.0
2025-02-25T15:00,15.7,85.0
2025-02-25T16:00,15.8,86.0
2025-02-25T17:00,15.7,90.0
2025-02-25T18:00,15.3,93.0
2025-02-25T19:00,15.2,94.0
2025-02-25T20:00,14.3,96.0
2025-02-25T21:00,14.2,96.0
2025-02-25T22:00,14.1,96.0
2025-02-25T23:00,14.1,96.0
2025-02-26T00:00,13.8,95.0
2025-02-26T01:00,13.7,93.0
2025-02-26T02:00,13.7,96.0
2025-02-26T03:00,13.6,96.0
2025-02-26T04:00,13.6,94.0
2025-02-26T05:00,13.6,94.0
2025-02-26T06:00,13.6,93.0
2025-02-26T07:00,13.7,93.0
2025-02-26T08:00,14.1,90.0
2025-02-26T09:00,14.5,88.0
2025-02-26T10:00,15.0,83.0
2025-02-26T11:00,15.4,83.0
2025-02-26T12:00,16.0,80.0
2025-02-26T13:00,16.9,77.0
2025-02-26T14:00,17.9,75.0
2025-02-26T15:00,19.2,72.0
2025-02-26T16:00,19.2,73.0
2025-02-26T17:00,18.8,75.0
2025-02-26T18:00,18.0,81.0
2025-02-26T19:00,17.3,84.0
2025-02-26T20:00,16.5,86.0
2025-02-26T21:00,15.9,89.0
2025-02-26T22:00,15.5,91.0
2025-02-26T23:00,15.2,93.0
2025-02-27T00:00,15.3,94.0
2025-02-27T01:00,15.3,94.0
2025-02-27T02:00,15.2,94.0
2025-02-27T03:00,15.2,96.0
2025-02-27T04:00,15.1,96.0
2025-02-27T05:00,15.2,96.0
2025-02-27T06:00,15.3,96.0
2025-02-27T07:00,15.5,94.0
2025-02-27T08:00,16.2,92.0
2025-02-27T09:00,17.3,87.0
2025-02-27T10:00,18.2,83.0
2025-02-27T11:00,19.3,79.0
2025-02-27T12:00,20.8,75.0
2025-02-27T13:00,21.4,74.0
2025-02-27T14:00,22.2,71.0
2025-02-27T15:00,22.7,69.0
2025-02-27T16:00,22.8,69.0
2025-02-27T17:00,22.3,74.0
2025-02-27T18:00,20.9,79.0
2025-02-27T19:00,20.0,84.0
2025-02-27T20:00,18.6,90.0
2025-02-27T21:00,17.9,93.0
2025-02-27T22:00,17.3,95.0
2025-02-27T23:00,16.9,96.0
2025-02-28T00:00,17.2,96.0
2025-02-28T01:00,17.5,95.0
2025-02-28T02:00,17.7,95.0
2025-02-28T03:00,17.8,95.0
2025-02-28T04:00,17.9,96.0
2025-02-28T05:00,18.1,96.0
2025-02-28T06:00,18.2,96.0
2025-02-28T07:00,18.5,96.0
2025-02-28T08:00,19.3,91.0
2025-02-28T09:00,20.1,86.0
2025-02-28T10:00,20.7,84.0
2025-02-28T11:00,21.7,80.0
2025-02-28T12:00,22.7,77.0
2025-02-28T13:00,23.7,74.0
2025-02-28T14:00,24.8,71.0
2025-02-28T15:00,24.9,71.0
2025-02-28T16:00,24.6,72.0
2025-02-28T17:00,23.8,74.0
2025-02-28T18:00,22.3,80.0
2025-02-28T19:00,21.4,84.0
2025-02-28T20:00,21.0,86.0
2025-02-28T21:00,20.5,89.0
2025-02-28T22:00,20.2,92.0
2025-02-28T23:00,19.9,94.0
2025-03-01T00:00,19.8,95.0
2025-03-01T01:00,19.8,95.0
2025-03-01T02:00,19.8,96.0
2025-03-01T03:00,19.8,96.0
2025-03-01T04:00,19.8,96.0
2025-03-01T05:00,19.8,96.0
2025-03-01T06:00,19.9,96.0
2025-03-01T07:00,20.0,96.0
2025-03-01T08:00,20.8,94.0
2025-03-01T09:00,22.2,87.0
2025-03-01T10:00,23.5,81.0
2025-03-01T11:00,24.3,77.0
2025-03-01T12:00,25.6,73.0
2025-03-01T13:00,26.6,70.0
2025-03-01T14:00,27.6,67.0
2025-03-01T15:00,28.0,65.0
2025-03-01T16:00,27.1,69.0
2025-03-01T17:00,25.9,74.0
2025-03-01T18:00,24.1,81.0
2025-03-01T19:00,22.8,86.0
2025-03-01T20:00,22.3,88.0
2025-03-01T21:00,22.1,90.0
2025-03-01T22:00,21.8,91.0
2025-03-01T23:00,21.7,92.0
2025-03-02T00:00,21.6,92.0
2025-03-02T01:00,21.5,93.0
2025-03-02T02:00,21.4,94.0
2025-03-02T03:00,21.4,94.0
2025-03-02T04:00,21.3,94.0
2025-03-02T05:00,21.3,94.0
2025-03-02T06:00,21.3,94.0
2025-03-02T07:00,21.3,94.0
2025-03-02T08:00,22.1,93.0
2025-03-02T09:00,22.7,90.0
2025-03-02T10:00,23.6,87.0
2025-03-02T11:00,24.2,84.0
2025-03-02T12:00,25.6,79.0
2025-03-02T13:00,27.3,73.0
2025-03-02T14:00,28.1,69.0
2025-03-02T15:00,28.4,68.0
2025-03-02T16:00,27.8,71.0
2025-03-02T17:00,26.5,76.0
2025-03-02T18:00,24.6,83.0
2025-03-02T19:00,23.4,87.0
2025-03-02T20:00,23.5,90.0
2025-03-02T21:00,23.1,93.0
2025-03-02T22:00,22.9,95.0
2025-03-02T23:00,22.7,95.0
2025-03-03T00:00,22.4,95.0
2025-03-03T01:00,22.2,95.0
2025-03-03T02:00,21.8,96.0
2025-03-03T03:00,21.4,97.0
2025-03-03T04:00,21.2,97.0
2025-03-03T05:00,21.1,97.0
2025-03-03T06:00,21.0,97.0
2025-03-03T07:00,21.1,96.0
2025-03-03T08:00,22.7,94.0
2025-03-03T09:00,23.5,91.0
2025-03-03T10:00,24.4,87.0
2025-03-03T11:00,25.0,85.0
2025-03-03T12:00,25.7,83.0
2025-03-03T13:00,26.5,80.0
2025-03-03T14:00,27.1,78.0
2025-03-03T15:00,27.9,74.0
2025-03-03T16:00,28.4,71.0
2025-03-03T17:00,28.0,73.0
2025-03-03T18:00,26.1,82.0
2025-03-03T19:00,24.5,88.0
2025-03-03T20:00,24.0,94.0
2025-03-03T21:00,23.8,95.0
2025-03-03T22:00,23.8,95.0
2025-03-03T23:00,23.7,96.0
2025-03-04T00:00,23.5,97.0
2025-03-04T01:00,23.3,97.0
2025-03-04T02:00,23.1,97.0
2025-03-04T03:00,22.8,97.0
2025-03-04T04:00,22.6,97.0
2025-03-04T05:00,22.5,96.0
2025-03-04T06:00,22.5,96.0
2025-03-04T07:00,22.6,96.0
2025-03-04T08:00,23.5,95.0
2025-03-04T09:00,24.5,90.0
2025-03-04T10:00,25.7,84.0
2025-03-04T11:00,27.6,73.0
2025-03-04T12:00,28.7,68.0
2025-03-04T13:00,29.4,66.0
2025-03-04T14:00,29.4,67.0
2025-03-04T15:00,29.4,68.0
2025-03-04T16:00,28.8,69.0
2025-03-04T17:00,27.9,75.0
2025-03-04T18:00,25.5,86.0
2025-03-04T19:00,24.0,92.0
2025-03-04T20:00,24.2,95.0
2025-03-04T21:00,24.1,96.0
2025-03-04T22:00,24.0,96.0
2025-03-04T23:00,23.8,96.0
2025-03-05T00:00,23.5,96.0
2025-03-05T01:00,23.3,96.0
2025-03-05T02:00,22.9,97.0
2025-03-05T03:00,22.6,97.0
2025-03-05T04:00,22.5,96.0
2025-03-05T05:00,22.3,96.0
2025-03-05T06:00,22.4,95.0
2025-03-05T07:00,22.0,96.0
2025-03-05T08:00,23.1,94.0
2025-03-05T09:00,23.8,89.0
2025-03-05T10:00,23.6,89.0
2025-03-05T11:00,23.0,88.0
2025-03-05T12:00,23.0,82.0
2025-03-05T13:00,23.6,79.0
2025-03-05T14:00,24.6,76.0
2025-03-05T15:00,24.7,76.0
2025-03-05T16:00,24.1,82.0
2025-03-05T17:00,23.7,86.0
2025-03-05T18:00,23.1,90.0
2025-03-05T19:00,22.5,94.0
2025-03-05T20:00,23.0,85.0
2025-03-05T21:00,21.7,92.0
2025-03-05T22:00,19.3,84.0
2025-03-05T23:00,18.5,82.0
2025-03-06T00:00,17.3,81.0
2025-03-06T01:00,16.4,78.0
2025-03-06T02:00,15.2,77.0
2025-03-06T03:00,14.5,77.0
2025-03-06T04:00,14.1,81.0
2025-03-06T05:00,14.1,82.0
2025-03-06T06:00,13.9,82.0
2025-03-06T07:00,13.4,84.0
2025-03-06T08:00,14.6,78.0
2025-03-06T09:00,14.7,76.0
2025-03-06T10:00,15.0,75.0
2025-03-06T11:00,15.1,73.0
2025-03-06T12:00,15.2,70.0
2025-03-06T13:00,16.1,66.0
2025-03-06T14:00,16.6,62.0
2025-03-06T15:00,17.1,57.0
2025-03-06T16:00,16.9,56.0
2025-03-06T17:00,16.5,59.0
2025-03-06T18:00,16.1,64.0
2025-03-06T19:00,15.9,65.0
2025-03-06T20:00,15.3,68.0
2025-03-06T21:00,14.9,67.0
2025-03-06T22:00,14.6,66.0
2025-03-06T23:00,14.3,67.0
2025-03-07T00:00,13.9,70.0
2025-03-07T01:00,13.8,71.0
2025-03-07T02:00,13.7,70.0
2025-03-07T03:00,13.5,69.0
2025-03-07T04:00,13.3,69.0
2025-03-07T05:00,13.2,68.0
2025-03-07T06:00,13.1,70.0
2025-03-07T07:00,13.3,68.0
2025-03-07T08:00,14.2,65.0
2025-03-07T09:00,14.6,63.0
2025-03-07T10:00,15.0,62.0
2025-03-07T11:00,15.8,59.0
2025-03-07T12:00,16.4,57.0
2025-03-07T13:00,17.3,55.0
2025-03-07T14:00,17.9,54.0
2025-03-07T15:00,17.6,55.0
2025-03-07T16:00,17.6,56.0
2025-03-07T17:00,17.6,59.0
2025-03-07T18:00,16.1,74.0
2025-03-07T19:00,15.4,79.0
2025-03-07T20:00,16.2,74.0
2025-03-07T21:00,16.0,74.0
2025-03-07T22:00,15.6,74.0
2025-03-07T23:00,15.5,75.0
2025-03-08T00:00,15.2,77.0
2025-03-08T01:00,15.1,79.0
2025-03-08T02:00,14.9,81.0
2025-03-08T03:00,14.8,83.0
2025-03-08T04:00,14.6,84.0
2025-03-08T05:00,14.6,85.0
2025-03-08T06:00,14.5,83.0
2025-03-08T07:00,14.6,74.0
2025-03-08T08:00,14.6,76.0
2025-03-08T09:00,15.1,74.0
2025-03-08T10:00,15.6,73.0
2025-03-08T11:00,16.0,72.0
2025-03-08T12:00,16.4,71.0
2025-03-08T13:00,16.9,70.0
2025-03-08T14:00,17.9,66.0
2025-03-08T15:00,18.3,66.0
2025-03-08T16:00,18.6,66.0
2025-03-08T17:00,18.5,67.0
2025-03-08T18:00,17.5,80.0
2025-03-08T19:00,17.3,79.0
2025-03-08T20:00,16.4,80.0
2025-03-08T21:00,16.3,83.0
2025-03-08T22:00,16.4,83.0
2025-03-08T23:00,16.1,85.0
2025-03-09T00:00,16.1,86.0
2025-03-09T01:00,15.9,88.0
2025-03-09T02:00,15.7,90.0
2025-03-09T03:00,15.6,91.0
2025-03-09T04:00,15.6,91.0
2025-03-09T05:00,15.5,92.0
2025-03-09T06:00,15.5,91.0
2025-03-09T07:00,15.7,90.0
2025-03-09T08:00,16.2,88.0
2025-03-09T09:00,16.8,86.0
2025-03-09T10:00,17.5,83.0
2025-03-09T11:00,18.5,79.0
2025-03-09T12:00,19.2,76.0
2025-03-09T13:00,20.2,74.0
2025-03-09T14:00,20.8,72.0
2025-03-09T15:00,21.0,72.0
2025-03-09T16:00,20.9,73.0
2025-03-09T17:00,20.5,78.0
2025-03-09T18:00,19.8,81.0
2025-03-09T19:00,19.3,84.0
2025-03-09T20:00,19.1,86.0
2025-03-09T21:00,18.9,87.0
2025-03-09T22:00,18.6,88.0
2025-03-09T23:00,17.7,92.0
2025-03-10T00:00,17.5,93.0
2025-03-10T01:00,17.7,94.0
2025-03-10T02:00,17.6,94.0
2025-03-10T03:00,17.6,95.0
2025-03-10T04:00,17.6,94.0
2025-03-10T05:00,17.6,95.0
2025-03-10T06:00,17.5,95.0
2025-03-10T07:00,17.7,95.0
2025-03-10T08:00,18.5,95.0
2025-03-10T09:00,19.1,91.0
2025-03-10T10:00,20.2,84.0
2025-03-10T11:00,21.1,80.0
2025-03-10T12:00,21.9,78.0
2025-03-10T13:00,22.7,76.0
2025-03-10T14:00,23.0,74.0
2025-03-10T15:00,23.3,73.0
2025-03-10T16:00,23.4,73.0
2025-03-10T17:00,23.0,77.0
2025-03-10T18:00,22.1,81.0
2025-03-10T19:00,21.0,86.0
2025-03-10T20:00,20.0,90.0
2025-03-10T21:00,19.4,92.0
2025-03-10T22:00,18.9,93.0
2025-03-10T23:00,18.5,95.0
2025-03-11T00:00,18.2,96.0
2025-03-11T01:00,17.9,98.0
2025-03-11T02:00,17.7,98.0
2025-03-11T03:00,17.7,98.0
2025-03-11T04:00,17.7,99.0
2025-03-11T05:00,17.6,100.0
2025-03-11T06:00,17.7,100.0
2025-03-11T07:00,17.9,99.0
2025-03-11T08:00,18.9,98.0
2025-03-11T09:00,19.9,94.0
2025-03-11T10:00,21.1,89.0
2025-03-11T11:00,22.4,84.0
2025-03-11T12:00,23.6,80.0
2025-03-11T13:00,24.8,76.0
2025-03-11T14:00,24.8,76.0
2025-03-11T15:00,25.7,72.0
2025-03-11T16:00,25.8,73.0
2025-03-11T17:00,25.4,76.0
2025-03-11T18:00,24.1,81.0
2025-03-11T19:00,22.9,86.0
2025-03-11T20:00,21.6,91.0
2025-03-11T21:00,21.4,91.0
2025-03-11T22:00,21.6,90.0
2025-03-11T23:00,21.5,91.0
2025-03-12T00:00,21.4,91.0
2025-03-12T01:00,21.2,93.0
2025-03-12T02:00,21.2,94.0
2025-03-12T03:00,21.1,95.0
2025-03-12T04:00,21.0,96.0
2025-03-12T05:00,21.0,96.0
2025-03-12T06:00,21.0,97.0
2025-03-12T07:00,21.1,97.0
2025-03-12T08:00,22.0,95.0
2025-03-12T09:00,23.0,89.0
2025-03-12T10:00,24.6,80.0
2025-03-12T11:00,25.4,76.0
2025-03-12T12:00,26.3,75.0
2025-03-12T13:00,26.4,74.0
2025-03-12T14:00,26.6,74.0
2025-03-12T15:00,26.6,76.0
2025-03-12T16:00,26.1,79.0
2025-03-12T17:00,25.2,84.0
2025-03-12T18:00,24.2,88.0
2025-03-12T19:00,23.5,91.0
2025-03-12T20:00,22.8,93.0
2025-03-12T21:00,22.9,92.0
2025-03-12T22:00,22.6,92.0
2025-03-12T23:00,22.7,91.0
2025-03-13T00:00,22.7,91.0
2025-03-13T01:00,22.7,92.0
2025-03-13T02:00,22.5,93.0
2025-03-13T03:00,22.3,94.0
2025-03-13T04:00,22.0,95.0
2025-03-13T05:00,21.8,95.0
2025-03-13T06:00,21.8,96.0
2025-03-13T07:00,21.8,96.0
2025-03-13T08:00,22.4,95.0
2025-03-13T09:00,22.8,94.0
2025-03-13T10:00,23.5,91.0
2025-03-13T11:00,24.3,88.0
2025-03-13T12:00,24.9,86.0
2025-03-13T13:00,25.1,88.0
2025-03-13T14:00,25.7,85.0
2025-03-13T15:00,25.8,85.0
2025-03-13T16:00,25.6,86.0
2025-03-13T17:00,25.5,86.0
2025-03-13T18:00,25.0,87.0
2025-03-13T19:00,24.3,89.0
2025-03-13T20:00,23.5,92.0
2025-03-13T21:00,23.3,94.0
2025-03-13T22:00,23.0,95.0
2025-03-13T23:00,22.8,95.0
2025-03-14T00:00,22.7,96.0
2025-03-14T01:00,22.6,97.0
2025-03-14T02:00,22.6,98.0
2025-03-14T03:00,22.6,98.0
2025-03-14T04:00,22.6,98.0
2025-03-14T05:00,22.6,98.0
2025-03-14T06:00,22.6,96.0
2025-03-14T07:00,22.6,96.0
2025-03-14T08:00,23.3,92.0
2025-03-14T09:00,23.9,90.0
2025-03-14T10:00,24.8,86.0
2025-03-14T11:00,25.1,86.0
2025-03-14T12:00,26.1,82.0
2025-03-14T13:00,27.2,78.0
2025-03-14T14:00,27.8,76.0
2025-03-14T15:00,28.2,75.0
2025-03-14T16:00,28.0,75.0
2025-03-14T17:00,26.8,80.0
2025-03-14T18:00,25.4,86.0
2025-03-14T19:00,24.3,91.0
2025-03-14T20:00,24.3,94.0
2025-03-14T21:00,23.9,96.0
2025-03-14T22:00,24.0,97.0
2025-03-14T23:00,23.9,98.0
2025-03-15T00:00,23.7,98.0
2025-03-15T01:00,23.5,98.0
2025-03-15T02:00,23.3,98.0
2025-03-15T03:00,23.2,97.0
2025-03-15T04:00,23.0,97.0
2025-03-15T05:00,22.9,97.0
2025-03-15T06:00,22.9,96.0
2025-03-15T07:00,22.8,97.0
2025-03-15T08:00,23.7,92.0
2025-03-15T09:00,24.6,88.0
2025-03-15T10:00,25.1,86.0
2025-03-15T11:00,25.6,84.0
2025-03-15T12:00,26.6,81.0
2025-03-15T13:00,26.2,82.0
2025-03-15T14:00,25.9,79.0
2025-03-15T15:00,25.1,78.0
2025-03-15T16:00,24.2,78.0
2025-03-15T17:00,23.8,77.0
2025-03-15T18:00,23.1,69.0
2025-03-15T19:00,22.8,67.0
2025-03-15T20:00,23.2,71.0
2025-03-15T21:00,22.5,70.0
2025-03-15T22:00,21.4,73.0
2025-03-15T23:00,20.7,75.0
2025-03-16T00:00,19.5,78.0
2025-03-16T01:00,18.7,80.0
2025-03-16T02:00,18.5,75.0
2025-03-16T03:00,18.3,64.0
2025-03-16T04:00,17.8,64.0
2025-03-16T05:00,17.7,65.0
2025-03-16T06:00,17.4,63.0
2025-03-16T07:00,17.2,62.0
2025-03-16T08:00,18.6,68.0
2025-03-16T09:00,18.5,57.0
2025-03-16T10:00,18.7,54.0
2025-03-16T11:00,18.8,53.0
2025-03-16T12:00,19.0,54.0
2025-03-16T13:00,19.8,52.0
2025-03-16T14:00,20.4,52.0
2025-03-16T15:00,20.9,51.0
2025-03-16T16:00,20.7,52.0
2025-03-16T17:00,19.9,57.0
2025-03-16T18:00,18.6,68.0
2025-03-16T19:00,17.9,72.0
2025-03-16T20:00,17.1,70.0
2025-03-16T21:00,16.5,73.0
2025-03-16T22:00,16.0,74.0
2025-03-16T23:00,15.7,72.0
2025-03-17T00:00,15.8,77.0
2025-03-17T01:00,15.8,73.0
2025-03-17T02:00,15.7,74.0
2025-03-17T03:00,15.6,72.0
2025-03-17T04:00,15.5,71.0
2025-03-17T05:00,15.4,71.0
2025-03-17T06:00,15.5,68.0
2025-03-17T07:00,15.4,67.0
2025-03-17T08:00,16.8,67.0
2025-03-17T09:00,17.7,57.0
2025-03-17T10:00,18.0,54.0
2025-03-17T11:00,18.6,53.0
2025-03-17T12:00,18.9,54.0
2025-03-17T13:00,19.4,54.0
2025-03-17T14:00,20.1,53.0
2025-03-17T15:00,20.2,53.0
2025-03-17T16:00,20.5,54.0
2025-03-17T17:00,19.6,61.0
2025-03-17T18:00,18.8,67.0
2025-03-17T19:00,18.1,71.0
2025-03-17T20:00,17.1,75.0
2025-03-17T21:00,17.0,79.0
2025-03-17T22:00,16.9,81.0
2025-03-17T23:00,16.8,81.0
2025-03-18T00:00,16.6,82.0
2025-03-18T01:00,16.4,79.0
2025-03-18T02:00,16.1,69.0
2025-03-18T03:00,15.8,66.0
2025-03-18T04:00,15.7,65.0
2025-03-18T05:00,15.6,65.0
2025-03-18T06:00,15.4,65.0
2025-03-18T07:00,15.5,66.0
2025-03-18T08:00,16.2,64.0
2025-03-18T09:00,16.9,54.0
2025-03-18T10:00,17.0,53.0
2025-03-18T11:00,17.2,55.0
2025-03-18T12:00,17.9,54.0
2025-03-18T13:00,18.4,51.0
2025-03-18T14:00,19.4,49.0
2025-03-18T15:00,19.7,49.0
2025-03-18T16:00,20.2,49.0
2025-03-18T17:00,19.5,57.0
2025-03-18T18:00,18.0,71.0
2025-03-18T19:00,18.2,74.0
2025-03-18T20:00,17.0,74.0
2025-03-18T21:00,17.0,76.0
2025-03-18T22:00,16.6,74.0
2025-03-18T23:00,16.1,72.0
2025-03-19T00:00,15.9,67.0
2025-03-19T01:00,15.4,65.0
2025-03-19T02:00,15.1,67.0
2025-03-19T03:00,15.0,69.0
2025-03-19T04:00,14.9,71.0
2025-03-19T05:00,13.8,79.0
2025-03-19T06:00,13.5,84.0
2025-03-19T07:00,14.2,85.0
2025-03-19T08:00,16.3,76.0
2025-03-19T09:00,18.6,62.0
2025-03-19T10:00,20.0,43.0
2025-03-19T11:00,20.8,43.0
2025-03-19T12:00,21.6,40.0
2025-03-19T13:00,22.2,39.0
2025-03-19T14:00,22.4,39.0
2025-03-19T15:00,22.4,39.0
2025-03-19T16:00,22.0,40.0
2025-03-19T17:00,21.4,54.0
2025-03-19T18:00,19.9,62.0
2025-03-19T19:00,18.8,61.0
2025-03-19T20:00,18.7,59.0
2025-03-19T21:00,17.4,67.0
2025-03-19T22:00,16.5,72.0
2025-03-19T23:00,15.6,79.0
2025-03-20T00:00,15.4,80.0
2025-03-20T01:00,14.6,88.0
2025-03-20T02:00,13.9,92.0
2025-03-20T03:00,13.5,91.0
2025-03-20T04:00,13.3,89.0
2025-03-20T05:00,13.3,88.0
2025-03-20T06:00,13.2,89.0
2025-03-20T07:00,13.8,89.0
2025-03-20T08:00,16.6,79.0
2025-03-20T09:00,19.1,68.0
2025-03-20T10:00,21.1,54.0
2025-03-20T11:00,22.4,46.0
2025-03-20T12:00,23.3,40.0
2025-03-20T13:00,23.7,38.0
2025-03-20T14:00,24.0,38.0
2025-03-20T15:00,24.0,39.0
2025-03-20T16:00,23.7,40.0
2025-03-20T17:00,22.7,49.0
2025-03-20T18:00,20.6,61.0
2025-03-20T19:00,19.6,65.0
2025-03-20T20:00,19.0,67.0
2025-03-20T21:00,18.1,67.0
2025-03-20T22:00,17.2,68.0
2025-03-20T23:00,16.5,71.0
2025-03-21T00:00,16.0,73.0
2025-03-21T01:00,15.6,76.0
2025-03-21T02:00,15.0,80.0
2025-03-21T03:00,14.8,82.0
2025-03-21T04:00,14.5,86.0
2025-03-21T05:00,14.2,85.0
2025-03-21T06:00,13.8,88.0
2025-03-21T07:00,14.5,86.0
2025-03-21T08:00,17.3,77.0
2025-03-21T09:00,19.8,63.0
2025-03-21T10:00,22.0,50.0
2025-03-21T11:00,23.5,42.0
2025-03-21T12:00,24.5,38.0
2025-03-21T13:00,25.2,38.0
2025-03-21T14:00,25.5,38.0
2025-03-21T15:00,25.3,41.0
2025-03-21T16:00,24.7,43.0
2025-03-21T17:00,23.6,51.0
2025-03-21T18:00,22.0,60.0
2025-03-21T19:00,20.8,65.0
2025-03-21T20:00,20.4,57.0
2025-03-21T21:00,19.4,58.0
2025-03-21T22:00,18.6,62.0
2025-03-21T23:00,17.8,66.0
2025-03-22T00:00,17.2,69.0
2025-03-22T01:00,16.6,74.0
2025-03-22T02:00,16.3,77.0
2025-03-22T03:00,16.0,80.0
2025-03-22T04:00,15.7,83.0
2025-03-22T05:00,15.3,86.0
2025-03-22T06:00,14.9,91.0
2025-03-22T07:00,15.6,89.0
2025-03-22T08:00,18.2,74.0
2025-03-22T09:00,20.8,56.0
2025-03-22T10:00,22.8,45.0
2025-03-22T11:00,24.2,42.0
2025-03-22T12:00,25.3,41.0
2025-03-22T13:00,26.1,42.0
2025-03-22T14:00,26.4,43.0
2025-03-22T15:00,26.2,46.0
2025-03-22T16:00,25.9,47.0
2025-03-22T17:00,25.3,50.0
2025-03-22T18:00,24.1,57.0
2025-03-22T19:00,22.7,65.0
2025-03-22T20:00,21.8,68.0
2025-03-22T21:00,20.6,73.0
2025-03-22T22:00,19.8,78.0
2025-03-22T23:00,19.1,83.0
2025-03-23T00:00,18.5,88.0
2025-03-23T01:00,18.0,92.0
2025-03-23T02:00,17.6,95.0
2025-03-23T03:00,17.3,96.0
2025-03-23T04:00,17.0,98.0
2025-03-23T05:00,16.7,99.0
2025-03-23T06:00,16.6,100.0
2025-03-23T07:00,16.8,98.0
2025-03-23T08:00,18.3,90.0
2025-03-23T09:00,21.2,72.0
2025-03-23T10:00,23.7,60.0
2025-03-23T11:00,25.2,53.0
2025-03-23T12:00,25.4,54.0
2025-03-23T13:00,26.0,53.0
2025-03-23T14:00,27.0,51.0
2025-03-23T15:00,27.5,49.0
2025-03-23T16:00,27.6,50.0
2025-03-23T17:00,26.4,55.0
2025-03-23T18:00,24.7,62.0
2025-03-23T19:00,23.7,67.0
2025-03-23T20:00,22.8,71.0
2025-03-23T21:00,22.0,73.0
2025-03-23T22:00,21.2,78.0
2025-03-23T23:00,20.5,82.0
2025-03-24T00:00,20.0,84.0
2025-03-24T01:00,19.5,87.0
2025-03-24T02:00,18.9,89.0
2025-03-24T03:00,18.4,92.0
2025-03-24T04:00,18.1,94.0
2025-03-24T05:00,17.6,97.0
2025-03-24T06:00,17.4,97.0
2025-03-24T07:00,18.2,94.0
2025-03-24T08:00,20.5,81.0
2025-03-24T09:00,22.9,71.0
2025-03-24T10:00,24.8,62.0
2025-03-24T11:00,25.8,57.0
2025-03-24T12:00,27.5,50.0
2025-03-24T13:00,28.2,49.0
2025-03-24T14:00,29.2,47.0
2025-03-24T15:00,29.5,49.0
2025-03-24T16:00,29.7,50.0
2025-03-24T17:00,28.0,57.0
2025-03-24T18:00,26.8,61.0
2025-03-24T19:00,25.7,67.0
2025-03-24T20:00,24.2,75.0
2025-03-24T21:00,23.1,78.0
2025-03-24T22:00,22.3,81.0
2025-03-24T23:00,21.8,84.0
2025-03-25T00:00,21.5,86.0
2025-03-25T01:00,21.2,88.0
2025-03-25T02:00,20.8,89.0
2025-03-25T03:00,20.5,91.0
2025-03-25T04:00,20.1,93.0
2025-03-25T05:00,19.8,95.0
2025-03-25T06:00,19.5,97.0
2025-03-25T07:00,20.2,93.0
2025-03-25T08:00,21.9,82.0
2025-03-25T09:00,24.0,72.0
2025-03-25T10:00,25.8,64.0
2025-03-25T11:00,27.6,57.0
2025-03-25T12:00,29.1,53.0
2025-03-25T13:00,30.1,50.0
2025-03-25T14:00,31.3,47.0
2025-03-25T15:00,31.2,50.0
2025-03-25T16:00,30.2,56.0
2025-03-25T17:00,29.0,61.0
2025-03-25T18:00,26.8,64.0
2025-03-25T19:00,25.1,69.0
2025-03-25T20:00,24.5,69.0
2025-03-25T21:00,23.3,76.0
2025-03-25T22:00,22.6,81.0
2025-03-25T23:00,22.1,84.0
2025-03-26T00:00,21.7,87.0
2025-03-26T01:00,21.5,89.0
2025-03-26T02:00,21.1,91.0
2025-03-26T03:00,20.9,91.0
2025-03-26T04:00,20.8,92.0
2025-03-26T05:00,20.5,93.0
2025-03-26T06:00,20.2,95.0
2025-03-26T07:00,21.1,90.0
2025-03-26T08:00,22.2,85.0
2025-03-26T09:00,23.7,77.0
2025-03-26T10:00,25.3,71.0
2025-03-26T11:00,26.4,67.0
2025-03-26T12:00,27.9,62.0
2025-03-26T13:00,30.0,55.0
2025-03-26T14:00,31.3,51.0
2025-03-26T15:00,31.2,52.0
2025-03-26T16:00,30.0,58.0
2025-03-26T17:00,28.3,65.0
2025-03-26T18:00,26.6,72.0
2025-03-26T19:00,25.4,77.0
2025-03-26T20:00,24.5,81.0
2025-03-26T21:00,23.8,84.0
2025-03-26T22:00,23.3,87.0
2025-03-26T23:00,23.0,88.0
2025-03-27T00:00,22.6,90.0
2025-03-27T01:00,22.3,92.0
2025-03-27T02:00,22.2,92.0
2025-03-27T03:00,22.0,92.0
2025-03-27T04:00,21.7,94.0
2025-03-27T05:00,21.5,95.0
2025-03-27T06:00,21.4,95.0
2025-03-27T07:00,22.1,91.0
2025-03-27T08:00,23.2,87.0
2025-03-27T09:00,25.0,79.0
2025-03-27T10:00,26.7,73.0
2025-03-27T11:00,29.1,64.0
2025-03-27T12:00,31.6,57.0
2025-03-27T13:00,32.9,55.0
2025-03-27T14:00,33.3,56.0
2025-03-27T15:00,33.2,59.0
2025-03-27T16:00,32.7,60.0
2025-03-27T17:00,31.3,64.0
2025-03-27T18:00,29.4,69.0
2025-03-27T19:00,28.1,73.0
2025-03-27T20:00,25.4,87.0
2025-03-27T21:00,24.4,89.0
2025-03-27T22:00,23.7,90.0
2025-03-27T23:00,23.2,92.0
2025-03-28T00:00,22.8,94.0
2025-03-28T01:00,22.4,96.0
2025-03-28T02:00,22.2,96.0
2025-03-28T03:00,22.2,96.0
2025-03-28T04:00,22.0,96.0
2025-03-28T05:00,22.0,96.0
2025-03-28T06:00,21.9,97.0
2025-03-28T07:00,22.5,94.0
2025-03-28T08:00,25.0,84.0
2025-03-28T09:00,26.2,78.0
2025-03-28T10:00,27.5,72.0
2025-03-28T11:00,28.6,67.0
2025-03-28T12:00,29.8,62.0
2025-03-28T13:00,31.1,57.0
2025-03-28T14:00,31.6,57.0
2025-03-28T15:00,31.9,56.0
2025-03-28T16:00,31.3,60.0
2025-03-28T17:00,29.4,71.0
2025-03-28T18:00,27.7,79.0
2025-03-28T19:00,26.4,84.0
2025-03-28T20:00,25.7,86.0
2025-03-28T21:00,25.2,88.0
2025-03-28T22:00,25.0,88.0
2025-03-28T23:00,25.5,84.0
2025-03-29T00:00,25.1,84.0
2025-03-29T01:00,21.0,90.0
2025-03-29T02:00,19.6,88.0
2025-03-29T03:00,18.4,84.0
2025-03-29T04:00,18.3,78.0
2025-03-29T05:00,17.9,70.0
2025-03-29T06:00,16.5,75.0
2025-03-29T07:00,16.2,77.0
2025-03-29T08:00,17.6,78.0
2025-03-29T09:00,17.4,77.0
2025-03-29T10:00,17.1,77.0
2025-03-29T11:00,16.6,77.0
2025-03-29T12:00,16.7,76.0
2025-03-29T13:00,17.1,76.0
2025-03-29T14:00,17.1,78.0
2025-03-29T15:00,17.4,77.0
2025-03-29T16:00,17.1,76.0
2025-03-29T17:00,16.9,78.0
2025-03-29T18:00,16.5,79.0
2025-03-29T19:00,16.2,80.0
2025-03-29T20:00,15.4,79.0
2025-03-29T21:00,14.9,79.0
2025-03-29T22:00,14.6,79.0
2025-03-29T23:00,14.5,80.0
2025-03-30T00:00,14.3,79.0
2025-03-30T01:00,14.0,80.0
2025-03-30T02:00,13.8,80.0
2025-03-30T03:00,13.3,81.0
2025-03-30T04:00,12.9,81.0
2025-03-30T05:00,12.8,80.0
2025-03-30T06:00,12.8,80.0
2025-03-30T07:00,12.9,79.0
2025-03-30T08:00,13.3,82.0
2025-03-30T09:00,13.8,78.0
2025-03-30T10:00,14.4,73.0
2025-03-30T11:00,15.1,69.0
2025-03-30T12:00,16.0,64.0
2025-03-30T13:00,16.6,61.0
2025-03-30T14:00,17.4,58.0
2025-03-30T15:00,17.6,57.0
2025-03-30T16:00,17.7,56.0
2025-03-30T17:00,17.4,58.0
2025-03-30T18:00,16.8,65.0
2025-03-30T19:00,16.3,70.0
2025-03-30T20:00,15.4,67.0
2025-03-30T21:00,15.0,66.0
2025-03-30T22:00,14.7,66.0
2025-03-30T23:00,14.5,65.0
2025-03-31T00:00,14.2,66.0
2025-03-31T01:00,14.0,65.0
2025-03-31T02:00,13.9,64.0
2025-03-31T03:00,13.7,64.0
2025-03-31T04:00,13.7,64.0
2025-03-31T05:00,13.5,64.0
2025-03-31T06:00,13.5,63.0
2025-03-31T07:00,13.6,62.0
2025-03-31T08:00,13.7,64.0
2025-03-31T09:00,14.1,62.0
2025-03-31T10:00,15.0,60.0
2025-03-31T11:00,15.7,58.0
2025-03-31T12:00,16.5,57.0
2025-03-31T13:00,17.7,55.0
2025-03-31T14:00,18.1,55.0
2025-03-31T15:00,18.5,55.0
2025-03-31T16:00,18.5,55.0
2025-03-31T17:00,18.2,57.0
2025-03-31T18:00,17.1,68.0
2025-03-31T19:00,16.4,76.0
2025-03-31T20:00,15.7,76.0
2025-03-31T21:00,15.3,78.0
2025-03-31T22:00,14.9,80.0
2025-03-31T23:00,14.6,79.0
2025-04-01T00:00,14.5,77.0
2025-04-01T01:00,14.8,79.0
2025-04-01T02:00,14.9,72.0
2025-04-01T03:00,14.9,70.0
2025-04-01T04:00,14.9,70.0
2025-04-01T05:00,14.9,71.0
2025-04-01T06:00,14.9,70.0
2025-04-01T07:00,15.3,68.0
2025-04-01T08:00,16.8,64.0
2025-04-01T09:00,17.8,57.0
2025-04-01T10:00,19.0,52.0
2025-04-01T11:00,20.4,47.0
2025-04-01T12:00,21.2,46.0
2025-04-01T13:00,21.4,47.0
2025-04-01T14:00,21.9,47.0
2025-04-01T15:00,22.3,46.0
2025-04-01T16:00,22.3,47.0
2025-04-01T17:00,21.8,49.0
2025-04-01T18:00,20.2,66.0
2025-04-01T19:00,19.3,70.0
2025-04-01T20:00,18.7,76.0
2025-04-01T21:00,17.9,81.0
2025-04-01T22:00,17.2,84.0
2025-04-01T23:00,16.9,84.0
2025-04-02T00:00,16.1,85.0
2025-04-02T01:00,15.6,88.0
2025-04-02T02:00,15.1,90.0
2025-04-02T03:00,14.8,93.0
2025-04-02T04:00,14.6,96.0
2025-04-02T05:00,14.6,95.0
2025-04-02T06:00,14.6,96.0
2025-04-02T07:00,15.2,93.0
2025-04-02T08:00,17.5,82.0
2025-04-02T09:00,19.1,73.0
2025-04-02T10:00,20.8,65.0
2025-04-02T11:00,22.6,57.0
2025-04-02T12:00,23.9,49.0
2025-04-02T13:00,24.6,45.0
2025-04-02T14:00,25.2,43.0
2025-04-02T15:00,25.4,42.0
2025-04-02T16:00,25.2,43.0
2025-04-02T17:00,24.5,46.0
2025-04-02T18:00,22.7,59.0
2025-04-02T19:00,21.3,69.0
2025-04-02T20:00,21.1,67.0
2025-04-02T21:00,20.4,69.0
2025-04-02T22:00,19.4,74.0
2025-04-02T23:00,18.3,78.0
2025-04-03T00:00,17.5,78.0
2025-04-03T01:00,17.0,80.0
2025-04-03T02:00,16.4,85.0
2025-04-03T03:00,16.2,87.0
2025-04-03T04:00,15.8,91.0
2025-04-03T05:00,15.5,96.0
2025-04-03T06:00,15.2,97.0
2025-04-03T07:00,16.7,91.0
2025-04-03T08:00,20.5,60.0
2025-04-03T09:00,22.5,50.0
2025-04-03T10:00,24.2,46.0
2025-04-03T11:00,25.4,44.0
2025-04-03T12:00,26.1,46.0
2025-04-03T13:00,27.9,38.0
2025-04-03T14:00,27.0,43.0
2025-04-03T15:00,26.5,47.0
2025-04-03T16:00,26.2,49.0
2025-04-03T17:00,25.7,49.0
2025-04-03T18:00,23.7,59.0
2025-04-03T19:00,22.0,66.0
2025-04-03T20:00,21.2,66.0
2025-04-03T21:00,20.3,71.0
2025-04-03T22:00,19.7,74.0
2025-04-03T23:00,19.1,79.0
2025-04-04T00:00,18.5,83.0
2025-04-04T01:00,18.2,86.0
2025-04-04T02:00,17.9,89.0
2025-04-04T03:00,17.6,92.0
2025-04-04T04:00,17.3,94.0
2025-04-04T05:00,17.2,95.0
2025-04-04T06:00,17.1,96.0
2025-04-04T07:00,18.1,90.0
2025-04-04T08:00,20.1,79.0
2025-04-04T09:00,22.4,67.0
2025-04-04T10:00,23.5,63.0
2025-04-04T11:00,24.0,63.0
2025-04-04T12:00,25.1,61.0
2025-04-04T13:00,25.5,61.0
2025-04-04T14:00,26.7,57.0
2025-04-04T15:00,26.5,59.0
2025-04-04T16:00,26.5,59.0
2025-04-04T17:00,25.3,65.0
2025-04-04T18:00,24.0,71.0
2025-04-04T19:00,22.9,77.0
2025-04-04T20:00,22.4,79.0
2025-04-04T21:00,21.8,83.0
2025-04-04T22:00,21.3,86.0
2025-04-04T23:00,20.8,89.0
2025-04-05T00:00,20.5,91.0
2025-04-05T01:00,20.7,90.0
2025-04-05T02:00,20.6,90.0
2025-04-05T03:00,20.5,91.0
2025-04-05T04:00,20.4,91.0
2025-04-05T05:00,20.5,90.0
2025-04-05T06:00,20.4,90.0
2025-04-05T07:00,20.6,90.0
2025-04-05T08:00,21.1,87.0
2025-04-05T09:00,21.6,85.0
2025-04-05T10:00,22.3,81.0
2025-04-05T11:00,23.6,72.0
2025-04-05T12:00,23.5,72.0
2025-04-05T13:00,23.6,72.0
2025-04-05T14:00,23.8,70.0
2025-04-05T15:00,24.5,66.0
2025-04-05T16:00,24.9,66.0
2025-04-05T17:00,24.6,67.0
2025-04-05T18:00,24.3,69.0
2025-04-05T19:00,23.7,73.0
2025-04-05T20:00,23.1,74.0
2025-04-05T21:00,22.8,76.0
2025-04-05T22:00,22.5,78.0
2025-04-05T23:00,22.0,83.0
2025-04-06T00:00,21.5,89.0
2025-04-06T01:00,21.3,93.0
2025-04-06T02:00,21.1,93.0
2025-04-06T03:00,21.0,95.0
2025-04-06T04:00,20.9,96.0
2025-04-06T05:00,20.7,96.0
2025-04-06T06:00,20.7,95.0
2025-04-06T07:00,21.1,94.0
2025-04-06T08:00,22.6,85.0
2025-04-06T09:00,24.0,73.0
2025-04-06T10:00,25.5,63.0
2025-04-06T11:00,26.2,60.0
2025-04-06T12:00,26.4,60.0
2025-04-06T13:00,26.8,59.0
2025-04-06T14:00,27.2,59.0
2025-04-06T15:00,26.8,62.0
2025-04-06T16:00,25.8,69.0
2025-04-06T17:00,25.2,73.0
2025-04-06T18:00,24.6,75.0
2025-04-06T19:00,23.8,78.0
2025-04-06T20:00,22.6,85.0
2025-04-06T21:00,22.1,86.0
2025-04-06T22:00,21.7,87.0
2025-04-06T23:00,21.4,88.0
2025-04-07T00:00,20.9,90.0
2025-04-07T01:00,20.5,92.0
2025-04-07T02:00,20.4,92.0
2025-04-07T03:00,20.2,92.0
2025-04-07T04:00,20.3,92.0
2025-04-07T05:00,20.3,92.0
2025-04-07T06:00,20.4,92.0
2025-04-07T07:00,20.7,90.0
2025-04-07T08:00,21.3,87.0
2025-04-07T09:00,21.4,87.0
2025-04-07T10:00,22.0,85.0
2025-04-07T11:00,23.5,78.0
2025-04-07T12:00,25.5,70.0
2025-04-07T13:00,25.6,69.0
2025-04-07T14:00,26.1,68.0
2025-04-07T15:00,25.8,71.0
2025-04-07T16:00,25.4,73.0
2025-04-07T17:00,24.9,76.0
2025-04-07T18:00,24.3,80.0
2025-04-07T19:00,23.6,85.0
2025-04-07T20:00,22.9,87.0
2025-04-07T21:00,22.2,89.0
2025-04-07T22:00,21.6,90.0
2025-04-07T23:00,21.1,91.0
2025-04-08T00:00,20.7,93.0
2025-04-08T01:00,20.4,94.0
2025-04-08T02:00,20.2,95.0
2025-04-08T03:00,20.0,96.0
2025-04-08T04:00,19.9,97.0
2025-04-08T05:00,19.9,97.0
2025-04-08T06:00,20.2,96.0
2025-04-08T07:00,21.1,92.0
2025-04-08T08:00,22.5,86.0
2025-04-08T09:00,23.9,80.0
2025-04-08T10:00,25.5,73.0
2025-04-08T11:00,26.4,71.0
2025-04-08T12:00,27.4,68.0
2025-04-08T13:00,28.1,66.0
2025-04-08T14:00,28.4,66.0
2025-04-08T15:00,28.0,69.0
2025-04-08T16:00,27.1,74.0
2025-04-08T17:00,26.5,77.0
2025-04-08T18:00,25.0,85.0
2025-04-08T19:00,24.0,89.0
2025-04-08T20:00,23.8,90.0
2025-04-08T21:00,23.4,93.0
2025-04-08T22:00,23.1,96.0
2025-04-08T23:00,23.1,96.0
2025-04-09T00:00,23.0,96.0
2025-04-09T01:00,22.9,96.0
2025-04-09T02:00,22.8,97.0
2025-04-09T03:00,22.6,98.0
2025-04-09T04:00,22.5,97.0
2025-04-09T05:00,22.4,98.0
2025-04-09T06:00,22.4,98.0
2025-04-09T07:00,22.6,97.0
2025-04-09T08:00,23.9,86.0
2025-04-09T09:00,25.1,79.0
2025-04-09T10:00,26.4,72.0
2025-04-09T11:00,27.7,67.0
2025-04-09T12:00,28.8,64.0
2025-04-09T13:00,29.1,63.0
2025-04-09T14:00,29.7,62.0
2025-04-09T15:00,29.5,64.0
2025-04-09T16:00,29.1,65.0
2025-04-09T17:00,27.9,70.0
2025-04-09T18:00,26.2,77.0
2025-04-09T19:00,25.2,82.0
2025-04-09T20:00,24.8,85.0
2025-04-09T21:00,24.1,89.0
2025-04-09T22:00,23.9,91.0
2025-04-09T23:00,23.9,92.0
2025-04-10T00:00,23.8,92.0
2025-04-10T01:00,23.7,92.0
2025-04-10T02:00,23.4,93.0
2025-04-10T03:00,23.3,94.0
2025-04-10T04:00,23.2,94.0
2025-04-10T05:00,23.1,94.0
2025-04-10T06:00,23.0,94.0
2025-04-10T07:00,23.2,93.0
2025-04-10T08:00,23.8,88.0
2025-04-10T09:00,24.3,85.0
2025-04-10T10:00,25.2,80.0
2025-04-10T11:00,25.9,77.0
2025-04-10T12:00,27.7,69.0
2025-04-10T13:00,28.9,64.0
2025-04-10T14:00,29.9,60.0
2025-04-10T15:00,30.7,57.0
2025-04-10T16:00,29.6,64.0
2025-04-10T17:00,28.0,72.0
2025-04-10T18:00,26.7,80.0
2025-04-10T19:00,25.4,86.0
2025-04-10T20:00,23.8,89.0
2025-04-10T21:00,23.8,90.0
2025-04-10T22:00,23.6,91.0
2025-04-10T23:00,23.4,92.0
2025-04-11T00:00,23.4,93.0
2025-04-11T01:00,23.2,94.0
2025-04-11T02:00,23.1,94.0
2025-04-11T03:00,22.9,95.0
2025-04-11T04:00,22.8,95.0
2025-04-11T05:00,22.7,96.0
2025-04-11T06:00,22.7,95.0
2025-04-11T07:00,23.0,94.0
2025-04-11T08:00,24.0,89.0
2025-04-11T09:00,25.2,82.0
2025-04-11T10:00,26.5,76.0
2025-04-11T11:00,28.5,67.0
2025-04-11T12:00,30.2,60.0
2025-04-11T13:00,31.8,56.0
2025-04-11T14:00,32.5,56.0
2025-04-11T15:00,32.5,57.0
2025-04-11T16:00,32.1,62.0
2025-04-11T17:00,31.0,67.0
2025-04-11T18:00,29.4,73.0
2025-04-11T19:00,28.1,77.0
2025-04-11T20:00,27.1,84.0
2025-04-11T21:00,26.3,87.0
2025-04-11T22:00,25.6,89.0
2025-04-11T23:00,25.2,89.0
2025-04-12T00:00,25.0,88.0
2025-04-12T01:00,24.9,88.0
2025-04-12T02:00,24.6,88.0
2025-04-12T03:00,24.5,88.0
2025-04-12T04:00,24.2,90.0
2025-04-12T05:00,23.6,93.0
2025-04-12T06:00,23.5,94.0
2025-04-12T07:00,24.4,89.0
2025-04-12T08:00,26.1,85.0
2025-04-12T09:00,27.7,78.0
2025-04-12T10:00,29.1,73.0
2025-04-12T11:00,31.0,66.0
2025-04-12T12:00,32.7,60.0
2025-04-12T13:00,33.7,56.0
2025-04-12T14:00,28.5,72.0
2025-04-12T15:00,27.9,78.0
2025-04-12T16:00,27.6,75.0
2025-04-12T17:00,27.0,66.0
2025-04-12T18:00,26.7,52.0
2025-04-12T19:00,26.1,45.0
2025-04-12T20:00,24.6,62.0
2025-04-12T21:00,24.2,53.0
2025-04-12T22:00,23.8,49.0
2025-04-12T23:00,21.6,59.0
2025-04-13T00:00,20.0,76.0
2025-04-13T01:00,19.7,83.0
2025-04-13T02:00,19.5,86.0
2025-04-13T03:00,19.3,88.0
2025-04-13T04:00,19.3,88.0
2025-04-13T05:00,19.4,90.0
2025-04-13T06:00,19.7,89.0
2025-04-13T07:00,20.3,84.0
2025-04-13T08:00,22.1,74.0
2025-04-13T09:00,23.5,48.0
2025-04-13T10:00,24.2,41.0
2025-04-13T11:00,25.5,42.0
2025-04-13T12:00,26.3,41.0
2025-04-13T13:00,26.6,38.0
2025-04-13T14:00,26.7,37.0
2025-04-13T15:00,26.4,36.0
2025-04-13T16:00,26.4,36.0
2025-04-13T17:00,25.9,38.0
2025-04-13T18:00,24.3,58.0
2025-04-13T19:00,23.4,64.0
2025-04-13T20:00,22.0,65.0
2025-04-13T21:00,21.2,68.0
2025-04-13T22:00,20.9,70.0
2025-04-13T23:00,20.6,73.0
2025-04-14T00:00,20.2,76.0
2025-04-14T01:00,19.8,78.0
2025-04-14T02:00,19.4,81.0
2025-04-14T03:00,19.1,84.0
2025-04-14T04:00,19.2,84.0
2025-04-14T05:00,19.1,86.0
2025-04-14T06:00,19.1,87.0
2025-04-14T07:00,19.8,82.0
2025-04-14T08:00,21.5,70.0
2025-04-14T09:00,22.5,65.0
2025-04-14T10:00,24.1,56.0
2025-04-14T11:00,25.6,47.0
2025-04-14T12:00,25.2,49.0
2025-04-14T13:00,22.8,68.0
2025-04-14T14:00,22.4,68.0
2025-04-14T15:00,23.8,59.0
2025-04-14T16:00,24.2,58.0
2025-04-14T17:00,24.0,60.0
2025-04-14T18:00,23.2,71.0
2025-04-14T19:00,22.5,73.0
2025-04-14T20:00,24.7,52.0
2025-04-14T21:00,23.8,58.0
2025-04-14T22:00,22.7,66.0
2025-04-14T23:00,22.1,70.0
2025-04-15T00:00,20.9,75.0
2025-04-15T01:00,20.3,80.0
2025-04-15T02:00,19.6,86.0
2025-04-15T03:00,19.1,90.0
2025-04-15T04:00,18.5,94.0
2025-04-15T05:00,17.9,97.0
2025-04-15T06:00,18.0,96.0
2025-04-15T07:00,19.3,87.0
2025-04-15T08:00,21.7,75.0
2025-04-15T09:00,24.5,62.0
2025-04-15T10:00,27.2,53.0
2025-04-15T11:00,29.5,45.0
2025-04-15T12:00,31.4,37.0
2025-04-15T13:00,33.0,30.0
2025-04-15T14:00,33.4,26.0
2025-04-15T15:00,33.3,25.0
2025-04-15T16:00,32.0,27.0
2025-04-15T17:00,30.4,36.0
2025-04-15T18:00,28.4,49.0
2025-04-15T19:00,26.6,60.0
2025-04-15T20:00,25.8,61.0
2025-04-15T21:00,24.4,70.0
2025-04-15T22:00,23.3,74.0
2025-04-15T23:00,22.5,75.0
2025-04-16T00:00,22.1,73.0
2025-04-16T01:00,21.7,73.0
2025-04-16T02:00,21.3,74.0
2025-04-16T03:00,20.7,77.0
2025-04-16T04:00,20.1,82.0
2025-04-16T05:00,19.6,86.0
2025-04-16T06:00,19.3,92.0
2025-04-16T07:00,20.2,85.0
2025-04-16T08:00,22.8,72.0
2025-04-16T09:00,25.6,56.0
2025-04-16T10:00,28.1,42.0
2025-04-16T11:00,30.0,32.0
2025-04-16T12:00,30.9,35.0
2025-04-16T13:00,31.2,41.0
2025-04-16T14:00,31.3,43.0
2025-04-16T15:00,30.9,43.0
2025-04-16T16:00,29.8,46.0
2025-04-16T17:00,28.2,53.0
2025-04-16T18:00,26.5,60.0
2025-04-16T19:00,25.3,67.0
2025-04-16T20:00,24.4,70.0
2025-04-16T21:00,23.8,76.0
2025-04-16T22:00,23.4,80.0
2025-04-16T23:00,23.1,84.0
2025-04-17T00:00,23.1,85.0
2025-04-17T01:00,23.0,86.0
2025-04-17T02:00,22.9,87.0
2025-04-17T03:00,22.6,89.0
2025-04-17T04:00,22.5,91.0
2025-04-17T05:00,22.2,93.0
2025-04-17T06:00,22.2,93.0
2025-04-17T07:00,23.0,89.0
2025-04-17T08:00,24.5,84.0
2025-04-17T09:00,25.9,77.0
2025-04-17T10:00,27.7,69.0
2025-04-17T11:00,29.7,61.0
2025-04-17T12:00,31.1,57.0
2025-04-17T13:00,32.0,55.0
2025-04-17T14:00,32.8,53.0
2025-04-17T15:00,32.6,56.0
2025-04-17T16:00,32.0,61.0
2025-04-17T17:00,31.0,67.0
2025-04-17T18:00,28.8,75.0
2025-04-17T19:00,27.7,79.0
2025-04-17T20:00,26.4,83.0
2025-04-17T21:00,25.8,86.0
2025-04-17T22:00,25.4,87.0
2025-04-17T23:00,25.1,87.0
2025-04-18T00:00,24.9,88.0
2025-04-18T01:00,24.7,88.0
2025-04-18T02:00,24.5,89.0
2025-04-18T03:00,24.2,91.0
2025-04-18T04:00,23.8,93.0
2025-04-18T05:00,23.5,94.0
2025-04-18T06:00,23.2,96.0
2025-04-18T07:00,24.3,89.0
2025-04-18T08:00,26.4,82.0
2025-04-18T09:00,27.6,77.0
2025-04-18T10:00,29.7,68.0
2025-04-18T11:00,31.6,61.0
2025-04-18T12:00,31.0,63.0
2025-04-18T13:00,33.4,56.0
2025-04-18T14:00,34.3,53.0
2025-04-18T15:00,34.4,54.0
2025-04-18T16:00,33.9,60.0
2025-04-18T17:00,32.7,69.0
2025-04-18T18:00,31.9,72.0
2025-04-18T19:00,30.3,72.0
2025-04-18T20:00,28.9,74.0
2025-04-18T21:00,28.2,73.0
2025-04-18T22:00,28.1,71.0
2025-04-18T23:00,28.0,71.0
2025-04-19T00:00,27.6,73.0
2025-04-19T01:00,27.0,76.0
2025-04-19T02:00,26.5,79.0
2025-04-19T03:00,26.0,82.0
2025-04-19T04:00,25.6,85.0
2025-04-19T05:00,25.3,87.0
2025-04-19T06:00,25.1,88.0
2025-04-19T07:00,26.2,83.0
2025-04-19T08:00,28.2,77.0
2025-04-19T09:00,30.5,68.0
2025-04-19T10:00,32.9,59.0
2025-04-19T11:00,35.2,49.0
2025-04-19T12:00,36.6,43.0
2025-04-19T13:00,36.5,44.0
2025-04-19T14:00,36.8,45.0
2025-04-19T15:00,36.4,45.0
2025-04-19T16:00,35.8,45.0
2025-04-19T17:00,35.3,46.0
2025-04-19T18:00,32.6,68.0
2025-04-19T19:00,30.6,77.0
2025-04-19T20:00,29.2,76.0
2025-04-19T21:00,28.4,75.0
2025-04-19T22:00,27.9,75.0
2025-04-19T23:00,27.7,74.0
2025-04-20T00:00,27.7,74.0
2025-04-20T01:00,27.2,76.0
2025-04-20T02:00,26.8,80.0
2025-04-20T03:00,26.7,82.0
2025-04-20T04:00,26.2,85.0
2025-04-20T05:00,25.8,87.0
2025-04-20T06:00,25.5,87.0
2025-04-20T07:00,26.4,82.0
2025-04-20T08:00,28.3,77.0
2025-04-20T09:00,30.0,70.0
2025-04-20T10:00,31.4,64.0
2025-04-20T11:00,33.4,58.0
2025-04-20T12:00,34.7,56.0
2025-04-20T13:00,35.7,53.0
2025-04-20T14:00,35.5,53.0
2025-04-20T15:00,34.5,59.0
2025-04-20T16:00,33.6,64.0
2025-04-20T17:00,32.3,69.0
2025-04-20T18:00,30.6,74.0
2025-04-20T19:00,29.2,77.0
2025-04-20T20:00,28.6,78.0
2025-04-20T21:00,28.2,79.0
2025-04-20T22:00,27.8,78.0
2025-04-20T23:00,27.5,78.0
2025-04-21T00:00,27.2,78.0
2025-04-21T01:00,26.8,79.0
2025-04-21T02:00,26.6,80.0
2025-04-21T03:00,26.3,80.0
2025-04-21T04:00,26.0,82.0
2025-04-21T05:00,25.6,84.0
2025-04-21T06:00,25.4,85.0
2025-04-21T07:00,26.2,82.0
2025-04-21T08:00,27.2,84.0
2025-04-21T09:00,29.3,76.0
2025-04-21T10:00,30.8,70.0
2025-04-21T11:00,33.0,60.0
2025-04-21T12:00,34.0,57.0
2025-04-21T13:00,34.8,55.0
2025-04-21T14:00,35.5,51.0
2025-04-21T15:00,35.2,52.0
2025-04-21T16:00,33.4,63.0
2025-04-21T17:00,32.2,68.0
2025-04-21T18:00,30.8,73.0
2025-04-21T19:00,29.5,75.0
2025-04-21T20:00,27.9,79.0
2025-04-21T21:00,27.4,80.0
2025-04-21T22:00,27.1,81.0
2025-04-21T23:00,26.7,83.0
2025-04-22T00:00,26.5,84.0
2025-04-22T01:00,26.3,85.0
2025-04-22T02:00,26.1,86.0
2025-04-22T03:00,26.0,87.0
2025-04-22T04:00,25.8,88.0
2025-04-22T05:00,25.6,90.0
2025-04-22T06:00,25.5,91.0
2025-04-22T07:00,26.4,86.0
2025-04-22T08:00,28.5,80.0
2025-04-22T09:00,30.3,74.0
2025-04-22T10:00,32.0,68.0
2025-04-22T11:00,33.5,64.0
2025-04-22T12:00,34.3,61.0
2025-04-22T13:00,35.4,56.0
2025-04-22T14:00,36.6,50.0
2025-04-22T15:00,35.9,55.0
2025-04-22T16:00,35.5,49.0
2025-04-22T17:00,34.0,55.0
2025-04-22T18:00,32.0,69.0
2025-04-22T19:00,30.6,78.0
2025-04-22T20:00,29.5,83.0
2025-04-22T21:00,28.9,84.0
2025-04-22T22:00,28.6,84.0
2025-04-22T23:00,28.4,83.0
2025-04-23T00:00,28.0,83.0
2025-04-23T01:00,27.4,83.0
2025-04-23T02:00,26.9,85.0
2025-04-23T03:00,26.4,88.0
2025-04-23T04:00,26.0,90.0
2025-04-23T05:00,25.7,94.0
2025-04-23T06:00,25.6,94.0
2025-04-23T07:00,26.5,89.0
2025-04-23T08:00,28.7,81.0
2025-04-23T09:00,30.3,74.0
2025-04-23T10:00,32.2,68.0
2025-04-23T11:00,34.1,61.0
2025-04-23T12:00,35.5,56.0
2025-04-23T13:00,36.9,51.0
2025-04-23T14:00,37.1,48.0
2025-04-23T15:00,32.2,72.0
2025-04-23T16:00,28.5,86.0
2025-04-23T17:00,27.6,88.0
2025-04-23T18:00,26.9,89.0
2025-04-23T19:00,27.0,91.0
2025-04-23T20:00,26.7,88.0
2025-04-23T21:00,26.1,87.0
2025-04-23T22:00,25.9,88.0
2025-04-23T23:00,25.7,89.0
2025-04-24T00:00,25.0,91.0
2025-04-24T01:00,24.9,93.0
2025-04-24T02:00,24.6,94.0
2025-04-24T03:00,24.6,95.0
2025-04-24T04:00,25.0,94.0
2025-04-24T05:00,25.2,94.0
2025-04-24T06:00,25.3,94.0
2025-04-24T07:00,25.7,92.0
2025-04-24T08:00,27.0,86.0
2025-04-24T09:00,27.9,84.0
2025-04-24T10:00,28.9,80.0
2025-04-24T11:00,30.8,71.0
2025-04-24T12:00,31.8,68.0
2025-04-24T13:00,32.7,63.0
2025-04-24T14:00,33.2,61.0
2025-04-24T15:00,33.4,62.0
2025-04-24T16:00,32.2,68.0
2025-04-24T17:00,31.9,70.0
2025-04-24T18:00,30.3,79.0
2025-04-24T19:00,27.5,87.0
2025-04-24T20:00,28.6,85.0
2025-04-24T21:00,27.8,86.0
2025-04-24T22:00,27.4,86.0
2025-04-24T23:00,26.4,88.0
2025-04-25T00:00,25.0,91.0
2025-04-25T01:00,24.6,95.0
2025-04-25T02:00,24.3,95.0
2025-04-25T03:00,23.6,95.0
2025-04-25T04:00,23.4,93.0
2025-04-25T05:00,22.9,94.0
2025-04-25T06:00,22.9,92.0
2025-04-25T07:00,23.1,93.0
2025-04-25T08:00,24.0,85.0
2025-04-25T09:00,25.4,77.0
2025-04-25T10:00,26.9,69.0
2025-04-25T11:00,28.2,63.0
2025-04-25T12:00,28.7,62.0
2025-04-25T13:00,28.8,63.0
2025-04-25T14:00,29.1,62.0
2025-04-25T15:00,29.0,62.0
2025-04-25T16:00,28.8,64.0
2025-04-25T17:00,28.1,70.0
2025-04-25T18:00,26.4,82.0
2025-04-25T19:00,25.1,87.0
2025-04-25T20:00,25.2,88.0
2025-04-25T21:00,24.8,87.0
2025-04-25T22:00,24.8,86.0
2025-04-25T23:00,24.7,86.0
2025-04-26T00:00,24.5,88.0
2025-04-26T01:00,24.3,89.0
2025-04-26T02:00,24.2,90.0
2025-04-26T03:00,24.1,91.0
2025-04-26T04:00,24.0,92.0
2025-04-26T05:00,23.9,93.0
2025-04-26T06:00,24.1,92.0
2025-04-26T07:00,24.5,91.0
2025-04-26T08:00,24.9,89.0
2025-04-26T09:00,25.6,85.0
2025-04-26T10:00,26.5,80.0
2025-04-26T11:00,27.1,78.0
2025-04-26T12:00,27.8,76.0
2025-04-26T13:00,27.6,80.0
2025-04-26T14:00,28.4,75.0
2025-04-26T15:00,29.5,72.0
2025-04-26T16:00,29.2,75.0
2025-04-26T17:00,28.8,78.0
2025-04-26T18:00,27.9,82.0
2025-04-26T19:00,27.0,86.0
2025-04-26T20:00,26.2,90.0
2025-04-26T21:00,25.5,93.0
2025-04-26T22:00,25.1,95.0
2025-04-26T23:00,25.3,95.0
2025-04-27T00:00,25.4,95.0
2025-04-27T01:00,25.4,95.0
2025-04-27T02:00,25.4,95.0
2025-04-27T03:00,25.4,95.0
2025-04-27T04:00,25.4,95.0
2025-04-27T05:00,25.5,94.0
2025-04-27T06:00,25.4,95.0
2025-04-27T07:00,25.9,93.0
2025-04-27T08:00,26.2,89.0
2025-04-27T09:00,27.0,85.0
2025-04-27T10:00,28.2,81.0
2025-04-27T11:00,29.7,76.0
2025-04-27T12:00,29.7,74.0
2025-04-27T13:00,31.0,70.0
2025-04-27T14:00,31.3,70.0
2025-04-27T15:00,31.5,67.0
2025-04-27T16:00,31.1,71.0
2025-04-27T17:00,30.5,76.0
2025-04-27T18:00,29.2,83.0
2025-04-27T19:00,27.9,88.0
2025-04-27T20:00,27.1,90.0
2025-04-27T21:00,26.6,91.0
2025-04-27T22:00,26.1,93.0
2025-04-27T23:00,25.6,94.0
2025-04-28T00:00,25.4,95.0
2025-04-28T01:00,25.4,95.0
2025-04-28T02:00,25.0,96.0
2025-04-28T03:00,24.3,98.0
2025-04-28T04:00,23.2,98.0
2025-04-28T05:00,24.0,97.0
2025-04-28T06:00,23.8,97.0
2025-04-28T07:00,23.9,96.0
2025-04-28T08:00,23.4,97.0
2025-04-28T09:00,24.8,92.0
2025-04-28T10:00,25.0,89.0
2025-04-28T11:00,26.0,83.0
2025-04-28T12:00,27.0,76.0
2025-04-28T13:00,25.8,83.0
2025-04-28T14:00,26.7,81.0
2025-04-28T15:00,27.9,74.0
2025-04-28T16:00,28.4,71.0
2025-04-28T17:00,28.5,70.0
2025-04-28T18:00,27.1,81.0
2025-04-28T19:00,26.2,87.0
2025-04-28T20:00,25.0,92.0
2025-04-28T21:00,24.6,94.0
2025-04-28T22:00,24.3,95.0
2025-04-28T23:00,24.2,96.0
2025-04-29T00:00,23.8,98.0
2025-04-29T01:00,23.5,99.0
2025-04-29T02:00,23.2,99.0
2025-04-29T03:00,23.2,99.0
2025-04-29T04:00,23.2,99.0
2025-04-29T05:00,23.1,100.0
2025-04-29T06:00,23.1,100.0
2025-04-29T07:00,23.8,96.0
2025-04-29T08:00,25.4,91.0
2025-04-29T09:00,26.6,85.0
2025-04-29T10:00,27.9,79.0
2025-04-29T11:00,28.9,72.0
2025-04-29T12:00,29.0,71.0
2025-04-29T13:00,28.2,75.0
2025-04-29T14:00,28.7,75.0
2025-04-29T15:00,29.4,72.0
2025-04-29T16:00,29.2,70.0
2025-04-29T17:00,27.6,74.0
2025-04-29T18:00,26.3,86.0
2025-04-29T19:00,25.5,90.0
2025-04-29T20:00,25.6,92.0
2025-04-29T21:00,25.4,94.0
2025-04-29T22:00,25.2,95.0
2025-04-29T23:00,25.1,96.0
2025-04-30T00:00,25.0,96.0
2025-04-30T01:00,24.9,96.0
2025-04-30T02:00,24.5,93.0
2025-04-30T03:00,24.1,97.0
2025-04-30T04:00,24.3,96.0
2025-04-30T05:00,24.1,94.0
2025-04-30T06:00,24.2,97.0
2025-04-30T07:00,25.0,94.0
2025-04-30T08:00,26.1,90.0
2025-04-30T09:00,27.4,84.0
2025-04-30T10:00,28.5,79.0
2025-04-30T11:00,29.7,73.0
2025-04-30T12:00,30.3,68.0
2025-04-30T13:00,30.3,69.0
2025-04-30T14:00,27.4,81.0
2025-04-30T15:00,28.2,80.0
2025-04-30T16:00,27.5,83.0
2025-04-30T17:00,26.5,87.0
2025-04-30T18:00,26.2,91.0
2025-04-30T19:00,24.8,95.0
2025-04-30T20:00,27.1,85.0
2025-04-30T21:00,27.0,85.0
2025-04-30T22:00,26.4,89.0
2025-04-30T23:00,25.8,91.0
2025-05-01T00:00,24.7,95.0
2025-05-01T01:00,24.2,96.0
2025-05-01T02:00,24.3,97.0
2025-05-01T03:00,24.1,98.0
2025-05-01T04:00,24.0,98.0
2025-05-01T05:00,23.9,98.0
2025-05-01T06:00,23.6,98.0
2025-05-01T07:00,23.6,96.0
2025-05-01T08:00,24.0,92.0
2025-05-01T09:00,24.8,87.0
2025-05-01T10:00,25.2,85.0
2025-05-01T11:00,25.5,82.0
2025-05-01T12:00,27.0,73.0
2025-05-01T13:00,27.6,68.0
2025-05-01T14:00,27.4,68.0
2025-05-01T15:00,27.6,67.0
2025-05-01T16:00,28.1,67.0
2025-05-01T17:00,27.7,70.0
2025-05-01T18:00,26.6,80.0
2025-05-01T19:00,25.8,84.0
2025-05-01T20:00,25.4,85.0
2025-05-01T21:00,25.5,85.0
2025-05-01T22:00,24.9,88.0
2025-05-01T23:00,24.3,91.0
2025-05-02T00:00,23.9,93.0
2025-05-02T01:00,23.6,94.0
2025-05-02T02:00,23.4,95.0
2025-05-02T03:00,23.0,98.0
2025-05-02T04:00,22.8,98.0
2025-05-02T05:00,22.7,98.0
2025-05-02T06:00,22.9,98.0
2025-05-02T07:00,24.0,93.0
2025-05-02T08:00,25.9,87.0
2025-05-02T09:00,27.6,78.0
2025-05-02T10:00,29.0,70.0
2025-05-02T11:00,30.0,63.0
2025-05-02T12:00,30.7,61.0
2025-05-02T13:00,31.1,59.0
2025-05-02T14:00,31.4,57.0
2025-05-02T15:00,31.3,58.0
2025-05-02T16:00,31.0,60.0
2025-05-02T17:00,30.2,66.0
2025-05-02T18:00,28.8,74.0
2025-05-02T19:00,27.1,83.0
2025-05-02T20:00,26.9,84.0
2025-05-02T21:00,26.3,86.0
2025-05-02T22:00,25.8,87.0
2025-05-02T23:00,25.4,87.0
2025-05-03T00:00,25.3,87.0
2025-05-03T01:00,25.2,87.0
2025-05-03T02:00,25.1,88.0
2025-05-03T03:00,25.0,88.0
2025-05-03T04:00,24.9,89.0
2025-05-03T05:00,24.8,89.0
2025-05-03T06:00,24.8,90.0
2025-05-03T07:00,25.7,88.0
2025-05-03T08:00,26.5,86.0
2025-05-03T09:00,27.3,81.0
2025-05-03T10:00,28.2,78.0
2025-05-03T11:00,28.4,77.0
2025-05-03T12:00,29.9,71.0
2025-05-03T13:00,30.6,68.0
2025-05-03T14:00,31.2,67.0
2025-05-03T15:00,31.7,64.0
2025-05-03T16:00,30.6,70.0
2025-05-03T17:00,30.2,73.0
2025-05-03T18:00,28.7,80.0
2025-05-03T19:00,27.6,85.0
2025-05-03T20:00,27.2,86.0
2025-05-03T21:00,26.7,89.0
2025-05-03T22:00,26.3,91.0
2025-05-03T23:00,26.0,93.0
2025-05-04T00:00,25.8,94.0
2025-05-04T01:00,25.8,94.0
2025-05-04T02:00,25.8,93.0
2025-05-04T03:00,25.7,94.0
2025-05-04T04:00,25.6,94.0
2025-05-04T05:00,25.6,95.0
2025-05-04T06:00,25.6,95.0
2025-05-04T07:00,26.5,92.0
2025-05-04T08:00,27.9,86.0
2025-05-04T09:00,29.0,82.0
2025-05-04T10:00,30.0,76.0
2025-05-04T11:00,31.6,69.0
2025-05-04T12:00,32.4,67.0
2025-05-04T13:00,33.3,64.0
2025-05-04T14:00,33.6,63.0
2025-05-04T15:00,33.8,61.0
2025-05-04T16:00,33.7,62.0
2025-05-04T17:00,32.5,70.0
2025-05-04T18:00,30.4,81.0
2025-05-04T19:00,29.2,86.0
2025-05-04T20:00,27.7,86.0
2025-05-04T21:00,27.3,86.0
2025-05-04T22:00,27.2,85.0
2025-05-04T23:00,27.0,84.0
2025-05-05T00:00,26.9,84.0
2025-05-05T01:00,26.7,86.0
2025-05-05T02:00,26.5,89.0
2025-05-05T03:00,26.2,91.0
2025-05-05T04:00,26.0,92.0
2025-05-05T05:00,25.8,94.0
2025-05-05T06:00,25.8,94.0
2025-05-05T07:00,26.7,91.0
2025-05-05T08:00,28.6,85.0
2025-05-05T09:00,29.9,79.0
2025-05-05T10:00,31.2,76.0
2025-05-05T11:00,32.3,72.0
2025-05-05T12:00,33.4,67.0
2025-05-05T13:00,34.3,62.0
2025-05-05T14:00,34.7,60.0
2025-05-05T15:00,35.0,60.0
2025-05-05T16:00,34.1,64.0
2025-05-05T17:00,32.4,75.0
2025-05-05T18:00,30.8,80.0
2025-05-05T19:00,29.7,81.0
2025-05-05T20:00,29.6,83.0
2025-05-05T21:00,28.9,83.0
2025-05-05T22:00,28.6,82.0
2025-05-05T23:00,28.2,82.0
2025-05-06T00:00,28.0,85.0
2025-05-06T01:00,27.8,87.0
2025-05-06T02:00,27.6,88.0
2025-05-06T03:00,27.3,89.0
2025-05-06T04:00,26.9,90.0
2025-05-06T05:00,26.7,92.0
2025-05-06T06:00,26.4,93.0
2025-05-06T07:00,27.0,89.0
2025-05-06T08:00,28.5,85.0
2025-05-06T09:00,29.3,82.0
2025-05-06T10:00,30.4,77.0
2025-05-06T11:00,31.6,73.0
2025-05-06T12:00,31.7,73.0
2025-05-06T13:00,32.7,68.0
2025-05-06T14:00,32.7,67.0
2025-05-06T15:00,33.1,67.0
2025-05-06T16:00,32.3,71.0
2025-05-06T17:00,31.6,75.0
2025-05-06T18:00,30.6,80.0
2025-05-06T19:00,29.6,84.0
2025-05-06T20:00,28.7,87.0
2025-05-06T21:00,28.0,90.0
2025-05-06T22:00,27.5,92.0
2025-05-06T23:00,27.2,93.0
2025-05-07T00:00,26.9,95.0
2025-05-07T01:00,26.5,96.0
2025-05-07T02:00,26.4,96.0
2025-05-07T03:00,26.3,96.0
2025-05-07T04:00,26.1,96.0
2025-05-07T05:00,25.8,97.0
2025-05-07T06:00,26.1,97.0
2025-05-07T07:00,27.1,92.0
2025-05-07T08:00,29.1,85.0
2025-05-07T09:00,30.4,79.0
2025-05-07T10:00,31.4,76.0
2025-05-07T11:00,32.8,69.0
2025-05-07T12:00,33.1,67.0
2025-05-07T13:00,33.8,64.0
2025-05-07T14:00,34.5,61.0
2025-05-07T15:00,34.7,60.0
2025-05-07T16:00,34.5,62.0
2025-05-07T17:00,33.5,67.0
2025-05-07T18:00,31.8,77.0
2025-05-07T19:00,30.4,80.0
2025-05-07T20:00,29.5,86.0
2025-05-07T21:00,28.9,86.0
2025-05-07T22:00,28.3,88.0
2025-05-07T23:00,27.9,89.0
2025-05-08T00:00,27.7,89.0
2025-05-08T01:00,27.6,89.0
2025-05-08T02:00,27.5,89.0
2025-05-08T03:00,27.4,89.0
2025-05-08T04:00,27.3,90.0
2025-05-08T05:00,27.2,90.0
2025-05-08T06:00,27.2,90.0
2025-05-08T07:00,28.2,87.0
2025-05-08T08:00,30.2,83.7
2025-05-08T09:00,30.2,75.5
2025-05-08T10:00,31.6,70.1
2025-05-08T11:00,31.6,63.7
2025-05-08T12:00,32.9,63.2
2025-05-08T13:00,32.8,57.1
2025-05-08T14:00,32.1,50.3
2025-05-08T15:00,34.7,50.7
2025-05-08T16:00,34.5,47.1
2025-05-08T17:00,30.9,47.2
2025-05-08T18:00,31.1,48.8
2025-05-08T19:00,34.5,47.0
2025-05-08T20:00,35.2,46.4
2025-05-08T21:00,33.8,54.6
2025-05-08T22:00,30.8,53.6
2025-05-08T23:00,31.6,47.7
2025-05-09T00:00,33.7,50.0
2025-05-09T01:00,33.8,53.1
2025-05-09T02:00,33.2,55.6
2025-05-09T03:00,31.6,57.9
2025-05-09T04:00,31.5,55.3
2025-05-09T05:00,31.9,53.8
2025-05-09T06:00,31.5,55.0
2025-05-09T07:00,30.6,51.5
2025-05-09T08:00,33.5,49.1
2025-05-09T09:00,32.4,56.3
2025-05-09T10:00,33.3,57.0
2025-05-09T11:00,34.3,54.4
2025-05-09T12:00,36.1,60.5
2025-05-09T13:00,32.4,52.5
2025-05-09T14:00,32.0,53.6
2025-05-09T15:00,33.1,54.0
2025-05-09T16:00,34.4,52.5
2025-05-09T17:00,32.2,52.1
2025-05-09T18:00,34.4,53.7
2025-05-09T19:00,33.4,55.2
2025-05-09T20:00,32.9,51.9
2025-05-09T21:00,33.3,49.7
2025-05-09T22:00,34.9,54.8
2025-05-09T23:00,34.0,56.1
2025-05-10T00:00,34.2,56.2
2025-05-10T01:00,33.8,56.7
2025-05-10T02:00,33.9,59.4
2025-05-10T03:00,30.7,55.4
2025-05-10T04:00,31.3,55.8
2025-05-10T05:00,33.3,55.4
2025-05-10T06:00,33.3,60.5
2025-05-10T07:00,33.3,54.6
2025-05-10T08:00,34.9,55.3
2025-05-10T09:00,33.0,55.2
2025-05-10T10:00,30.7,57.7
2025-05-10T11:00,31.3,50.2
2025-05-10T12:00,30.6,50.5
2025-05-10T13:00,34.3,54.1
2025-05-10T14:00,34.1,52.5
2025-05-10T15:00,33.2,50.7
2025-05-10T16:00,34.0,51.6
2025-05-10T17:00,30.1,61.7
2025-05-10T18:00,32.0,65.5
2025-05-10T19:00,30.4,59.3
2025-05-10T20:00,30.9,59.0
2025-05-10T21:00,31.9,58.8
2025-05-10T22:00,33.2,56.7
2025-05-10T23:00,27.5,56.0
2025-05-11T00:00,25.4,55.8
2025-05-11T01:00,30.1,60.5
2025-05-11T02:00,30.5,52.6
2025-05-11T03:00,29.6,56.2
2025-05-11T04:00,32.5,56.5
2025-05-11T05:00,33.8,55.0
2025-05-11T06:00,33.4,54.5
2025-05-11T07:00,32.7,55.7
2025-05-11T08:00,33.7,54.3
2025-05-11T09:00,29.0,53.6
2025-05-11T10:00,28.4,53.3
2025-05-11T11:00,30.4,59.9
2025-05-11T12:00,33.9,57.3
2025-05-11T13:00,34.1,56.7
2025-05-11T14:00,31.3,54.6
2025-05-11T15:00,31.1,54.7
2025-05-11T16:00,33.8,56.2
2025-05-11T17:00,35.4,59.7
2025-05-11T18:00,33.3,55.6
2025-05-11T19:00,33.3,46.7
2025-05-11T20:00,35.5,49.1
2025-05-11T21:00,30.6,50.9
2025-05-11T22:00,31.6,49.0
2025-05-11T23:00,32.4,49.1
2025-05-12T00:00,30.4,52.5
2025-05-12T01:00,30.8,57.3
2025-05-12T02:00,33.6,61.9
2025-05-12T03:00,31.2,63.7
2025-05-12T04:00,30.4,57.2
2025-05-12T05:00,33.6,58.0
2025-05-12T06:00,31.8,58.3
2025-05-12T07:00,30.8,58.3
2025-05-12T08:00,28.4,63.8
2025-05-12T09:00,31.4,63.5
2025-05-12T10:00,29.5,62.6
2025-05-12T11:00,30.9,59.5
2025-05-12T12:00,31.4,55.1
2025-05-12T13:00,33.4,59.7
2025-05-12T14:00,32.0,60.4
2025-05-12T15:00,32.5,65.5
2025-05-12T16:00,31.1,60.4
2025-05-12T17:00,30.7,61.3
2025-05-12T18:00,31.5,65.3
2025-05-12T19:00,32.8,63.2
2025-05-12T20:00,30.4,61.7
2025-05-12T21:00,33.4,64.0
2025-05-12T22:00,29.2,63.0
2025-05-12T23:00,28.6,64.0
2025-05-13T00:00,32.3,67.2
2025-05-13T01:00,34.1,65.7
2025-05-13T02:00,31.9,64.7
2025-05-13T03:00,32.0,67.4
2025-05-13T04:00,29.4,62.6
2025-05-13T05:00,30.2,60.0
2025-05-13T06:00,31.1,58.3
2025-05-13T07:00,30.5,55.9
2025-05-13T08:00,32.5,56.5
2025-05-13T09:00,33.1,63.4
2025-05-13T10:00,31.7,64.2
2025-05-13T11:00,32.2,63.0
2025-05-13T12:00,30.9,59.4
2025-05-13T13:00,31.2,61.5
2025-05-13T14:00,31.6,57.6
2025-05-13T15:00,28.4,60.1
2025-05-13T16:00,31.2,58.2
2025-05-13T17:00,33.1,62.0
2025-05-13T18:00,31.4,59.1
2025-05-13T19:00,31.8,61.1
2025-05-13T20:00,32.6,60.0
2025-05-13T21:00,28.5,59.9
2025-05-13T22:00,29.4,65.6
2025-05-13T23:00,30.2,66.6
2025-05-14T00:00,31.0,64.3
2025-05-14T01:00,29.6,68.5
2025-05-14T02:00,30.6,65.1
2025-05-14T03:00,28.6,60.3
2025-05-14T04:00,30.8,58.7
2025-05-14T05:00,30.9,59.3
2025-05-14T06:00,33.5,60.2
2025-05-14T07:00,35.1,60.9
2025-05-14T08:00,30.5,63.5
2025-05-14T09:00,30.7,63.6
2025-05-14T10:00,31.2,63.7
2025-05-14T11:00,27.4,58.0
2025-05-14T12:00,31.2,59.7
2025-05-14T13:00,31.1,63.7
2025-05-14T14:00,31.0,64.4
2025-05-14T15:00,30.6,64.4
2025-05-14T16:00,29.1,63.0
2025-05-14T17:00,32.1,58.4
2025-05-14T18:00,31.6,56.7
2025-05-14T19:00,31.3,61.0
2025-05-14T20:00,31.2,55.7
2025-05-14T21:00,31.0,65.2
2025-05-14T22:00,30.1,66.7
2025-05-14T23:00,31.0,64.9
2025-05-15T00:00,30.7,58.5
2025-05-15T01:00,32.0,60.3
2025-05-15T02:00,33.0,62.5
2025-05-15T03:00,30.7,57.7
2025-05-15T04:00,30.8,59.5
2025-05-15T05:00,30.0,56.9
2025-05-15T06:00,29.7,59.0
2025-05-15T07:00,31.7,58.1
2025-05-15T08:00,31.9,57.1
2025-05-15T09:00,32.1,61.2
2025-05-15T10:00,32.1,58.4
2025-05-15T11:00,33.1,61.5
2025-05-15T12:00,32.6,60.7
2025-05-15T13:00,32.2,55.0
2025-05-15T14:00,31.0,53.5
2025-05-15T15:00,29.3,53.7
2025-05-15T16:00,29.2,55.9
2025-05-15T17:00,29.8,57.8
2025-05-15T18:00,31.1,58.0
2025-05-15T19:00,30.1,48.5
2025-05-15T20:00,32.2,51.0
2025-05-15T21:00,32.1,51.2
2025-05-15T22:00,31.6,52.5
2025-05-15T23:00,28.6,60.2
2025-05-16T00:00,32.6,56.5
2025-05-16T01:00,29.0,54.8
2025-05-16T02:00,30.6,58.5
2025-05-16T03:00,32.8,59.7
2025-05-16T04:00,30.6,59.4
2025-05-16T05:00,31.7,60.3
2025-05-16T06:00,28.3,51.5
2025-05-16T07:00,32.1,57.3
2025-05-16T08:00,31.9,55.9
2025-05-16T09:00,31.7,61.5
2025-05-16T10:00,32.2,58.7
2025-05-16T11:00,30.9,61.0
2025-05-16T12:00,29.8,65.3
2025-05-16T13:00,29.1,60.0
2025-05-16T14:00,31.0,61.4
2025-05-16T15:00,31.1,55.1
2025-05-16T16:00,32.7,57.6
2025-05-16T17:00,31.9,55.7
2025-05-16T18:00,31.0,54.3
2025-05-16T19:00,32.2,56.2
2025-05-16T20:00,31.5,53.0
2025-05-16T21:00,32.7,54.3
2025-05-16T22:00,34.8,56.0
2025-05-16T23:00,29.3,56.1
2025-05-17T00:00,29.6,60.7
